cc_num,Income,Travel,Lifestyle,Premium,All_Purpose,Fuel,Total,User_Profile,High_Income,Student,Self_Employed,Frequent_Traveler,Online_Shopper,Fuel_Customer,Best_Card,Second_Best_Card,Third_Best_Card,Fourth_Best_Card,Fifth_Best_Card
6.09427E+15,70000,9597.16,11384.52,3637,20292.39,5621.61,50532.68,"All_Purpose, Fuel",0,0,0,0,1,1,6,11,3,4,7
6.81213E+15,200000,40151.02,40906.41,18177.53,20996.53,16715.73,136947.22,"Travel, Fuel",0,0,1,1,1,1,9,5,13,14,6
6.10431E+15,290000,62595.85,52211.85,50712.55,58411.66,22633.6,246565.51,"Travel, Premium",1,0,1,1,1,0,0,1,2,8,7
6.72376E+15,150000,24078.36,12525.57,5233.96,36919.53,12152.32,90909.74,Fuel,0,0,0,1,1,1,9,5,13,14,6
6.59276E+15,110000,14513.91,9250.22,3571.99,17284.22,8744.55,53364.89,All_Purpose,0,0,0,0,1,0,6,11,3,4,7
6.30232E+15,80000,13249.7,22083.17,7136.27,15446.22,7134.61,65049.97,"Lifestyle, Fuel",0,0,0,1,1,1,9,5,13,14,6
6.08574E+15,290000,66512.82,83340.25,15950.72,82316.29,21635.69,269755.77,"Travel, Lifestyle, All_Purpose",1,0,1,1,1,0,0,1,2,8,7
6.61456E+15,210000,35462.78,61951.71,23886.47,31988.32,17150.71,170439.99,"Lifestyle, Fuel",1,0,1,1,1,1,0,1,2,8,7
6.10338E+15,70000,7796.56,5755.4,3623.75,7939.3,3985.9,29100.91,All_Purpose,0,0,0,0,0,0,6,11,9,10,12
6.32512E+15,260000,33093.32,35468.37,47438.05,47910.61,21678.25,185588.6,"Premium, Fuel",1,0,0,0,1,1,7,12,0,1,2
6.34039E+15,190000,24480.24,11441.26,11156.6,26845.08,11181.6,85104.78,All_Purpose,0,0,0,0,1,0,6,11,3,4,7
6.48288E+15,230000,27161.94,37994.78,14967.65,36832.05,17289.3,134245.72,All_Purpose,1,0,1,0,1,0,7,12,0,1,2
6.64568E+15,110000,11648.65,27483.79,15041.74,10778.57,10304.68,75257.43,Fuel,0,0,0,0,1,1,6,11,3,4,7
6.91754E+15,110000,12007.79,13114.14,18375.96,26907.88,6514.87,76920.64,Premium,0,0,0,0,1,0,6,11,3,4,7
6.01985E+15,240000,41442.83,49095.29,22251.68,43621.83,20969.65,177381.28,Fuel,1,0,1,1,1,1,0,1,2,8,7
6.45517E+15,210000,28951.76,47950.85,38258.88,40439.5,16087.19,171688.18,Premium,1,0,1,0,1,0,7,12,0,1,2
6.41001E+15,40000,7195.7,4424.71,3030.85,6520.1,2040.14,23211.5,All_Purpose,0,1,0,1,0,0,13,14,5,10,9
6.8799E+15,80000,11929.97,6395.24,14511.17,16847.23,6716.41,56400.02,"Premium, Fuel",0,0,0,0,1,1,6,11,3,4,7
6.34903E+15,240000,41943.92,17215.22,29113.95,50185.21,20945.27,159403.57,Fuel,1,0,1,1,1,1,0,1,2,8,7
6.32514E+15,30000,3574.11,3628.32,2751.72,6663.05,2356.17,18973.37,All_Purpose,0,1,0,0,0,0,10,3,4,6,11
6.86857E+15,220000,54555,44317.62,15472.28,22526.27,12681.45,149552.62,Travel,1,0,0,1,1,0,0,1,2,8,7
6.61898E+15,210000,26061.46,20294.77,16477.9,24809.86,19916.04,107560.03,Fuel,1,0,0,0,1,1,7,12,0,1,2
6.90474E+15,20000,3573.53,3051.98,3940.09,2092.97,1397.86,14056.43,Premium,0,1,0,1,0,0,13,14,5,10,9
6.00364E+15,240000,55158.26,61024.32,17722.44,28222.86,20023.72,182151.6,"Travel, Lifestyle, Fuel",1,0,0,1,1,1,0,1,2,8,7
6.3948E+15,120000,22289.03,14399.37,19297.66,14537.95,7942.08,78466.09,Premium,0,0,0,1,1,0,9,5,6,11,3
6.00785E+15,300000,52842.47,33180.73,14856.68,64300.92,19329.46,184510.26,All_Purpose,1,0,1,1,1,0,0,1,2,8,7
6.28152E+15,60000,7389.26,10217.1,7232.41,5484.07,4009.81,34332.65,All_Purpose,0,0,0,0,0,0,6,11,9,10,12
6.83386E+15,20000,2190.12,5949.8,1696,5163.45,1254.64,16254.01,Lifestyle,0,1,0,0,0,0,10,3,4,6,11
6.45651E+15,280000,59929.57,55694.71,30847.03,47769.4,18884.16,213124.87,Travel,1,0,0,1,1,0,0,1,2,8,7
6.36316E+15,210000,47164.51,61163.91,10737.41,50566.08,20352.57,189984.48,"Travel, Lifestyle, Fuel",1,0,1,1,1,1,0,1,2,8,7
6.74262E+15,10000,1099.74,2352.8,1276.6,2652.02,569.89,7951.05,All_Purpose,0,1,0,0,0,0,10,3,4,6,11
6.08852E+15,120000,15629.29,10909.68,6951.02,31104.77,9991.18,74585.94,Fuel,0,0,0,0,1,1,6,11,3,4,7
6.61429E+15,260000,60210.82,38508.93,43893.7,45918.52,17900.28,206432.25,"Travel, Premium",1,0,1,1,1,0,0,1,2,8,7
6.75862E+15,220000,31945.47,52118.52,25401.74,28839.09,20895.32,159200.14,Fuel,1,0,0,0,1,1,7,12,0,1,2
6.41509E+15,290000,52644.55,80219.23,39474.93,30658.09,28127.57,231124.37,"Lifestyle, Fuel",1,0,1,1,1,1,0,1,2,8,7
6.60352E+15,120000,18028.3,10178.16,19798.11,25969.92,9200.77,83175.26,Premium,0,0,0,1,1,0,9,5,6,11,3
6.44529E+15,250000,54572.4,21979.68,20748.19,33666.9,21799.33,152766.5,"Travel, Fuel",1,0,0,1,1,1,0,1,2,8,7
6.66479E+15,170000,31532.19,40904.49,30438.53,26393.86,15480.69,144749.76,"Premium, Fuel",0,0,1,1,1,1,9,5,13,14,6
6.06177E+15,270000,61281.32,22105.48,26335.49,68959.34,15523.89,194205.52,Travel,1,0,1,1,1,0,0,1,2,8,7
6.53565E+15,270000,56251.23,62102.47,37528.68,62820.54,20826.78,239529.7,Travel,1,0,0,1,1,0,0,1,2,8,7
6.56645E+15,100000,15185.44,9539.94,18443.66,20834.62,7004.26,71007.92,Premium,0,0,0,1,1,0,9,5,6,11,3
6.80752E+15,280000,67785.9,24734.6,36304.54,53562.74,22560.36,204948.14,"Travel, Fuel",1,0,1,1,1,1,0,1,2,8,7
6.44781E+15,280000,64629.2,79248.28,35300.34,65313.69,26914.99,271406.5,"Travel, Lifestyle, Fuel",1,0,0,1,1,1,0,1,2,8,7
6.75334E+15,160000,19660.94,31051.53,21302.65,27729.4,13891.55,113636.07,Fuel,0,0,1,0,1,1,6,11,3,4,7
6.53294E+15,150000,35825.29,24406.48,7387.57,44499.76,13791.74,125910.84,"Travel, All_Purpose, Fuel",0,0,0,1,1,1,9,5,13,14,6
6.24166E+15,300000,71437.88,80242.23,35460.74,63024.18,20985.04,271150.07,"Travel, Lifestyle",1,0,1,1,1,0,0,1,2,8,7
6.77636E+15,300000,45083.88,75214.01,9236.23,46010.95,20972.53,196517.6,Lifestyle,1,0,1,1,1,0,0,1,2,8,7
6.86578E+15,150000,35696.75,20487.97,13347.31,36337.54,10891.63,116761.2,Travel,0,0,1,1,1,0,9,5,6,11,3
6.51973E+15,300000,36338.57,28229.02,34416.76,51649.08,28722.69,179356.12,Fuel,1,0,1,0,1,1,7,12,0,1,2
6.19827E+15,190000,35546.77,39532.55,6122.95,42935.86,11191.34,135329.47,All_Purpose,0,0,0,1,1,0,9,5,6,11,3
6.88731E+15,120000,14675.93,18438.72,5341.13,35917.48,9013.17,83386.43,All_Purpose,0,0,1,0,1,0,6,11,3,4,7
6.25631E+15,230000,25314.14,54622.73,15107.31,63841.55,13859.11,172744.84,All_Purpose,1,0,1,0,1,0,7,12,0,1,2
6.77041E+15,200000,21096.49,33603.35,25204.6,18891.18,17755.28,116550.9,Fuel,0,0,1,0,1,1,6,11,3,4,7
6.7999E+15,250000,44664.64,40047.67,24532.43,50780.22,14440.5,174465.46,All_Purpose,1,0,1,1,1,0,0,1,2,8,7
6.78888E+15,30000,6878.04,8595.87,2803.88,4186.91,2466,24930.7,"Travel, Lifestyle, Fuel",0,1,0,1,0,1,13,14,5,10,9
6.89166E+15,50000,5190.4,4451.91,7585.76,11248.16,2567.74,31043.97,Premium,0,0,0,0,0,0,6,11,9,10,12
6.31035E+15,190000,25585.63,41414.91,6336.65,19551.74,17099.2,109988.13,Fuel,0,0,0,0,1,1,6,11,3,4,7
6.82295E+15,70000,13853.83,7668.2,3283.35,9344.85,6027.93,40178.16,Fuel,0,0,0,1,0,1,9,13,14,6,11
6.63737E+15,210000,47151.93,31352.14,30150.64,26270.27,13578.05,148503.03,Travel,1,0,0,1,1,0,0,1,2,8,7
6.62248E+15,90000,9175.53,6423.94,5880.66,7725.34,5316.46,34521.93,All_Purpose,0,0,0,0,0,0,6,11,9,10,12
6.99122E+15,70000,11424.96,19121.75,11827.58,10863.99,4407.98,57646.26,"Lifestyle, Premium",0,0,0,1,1,0,9,5,6,11,3
6.55952E+15,180000,33937.96,21062.86,24498.96,30612.7,13968.42,124080.9,All_Purpose,0,0,1,1,1,0,9,5,6,11,3
6.08188E+15,40000,5766.79,11484.53,6392.52,4433,3736.94,31813.78,"Lifestyle, Premium, Fuel",0,1,0,0,0,1,10,13,14,3,4
6.1519E+15,250000,58545.71,62490.95,25571.57,21235.81,15858.47,183702.51,Travel,1,0,0,1,1,0,0,1,2,8,7
6.89327E+15,280000,54606.09,32052.14,15033.35,73831.7,27781.63,203304.91,Fuel,1,0,1,1,1,1,0,1,2,8,7
6.13595E+15,140000,19718.45,7643.67,25960.31,14826.73,11035.62,79184.78,Premium,0,0,0,0,1,0,6,11,3,4,7
6.82664E+15,180000,32962.81,38313.92,30790.1,22574.28,9098.96,133740.07,Premium,0,0,1,1,1,0,9,5,6,11,3
6.31861E+15,260000,61100.73,69802.86,34205.66,55149.56,21645.48,241904.29,"Travel, Lifestyle, Fuel",1,0,0,1,1,1,0,1,2,8,7
6.43539E+15,90000,21344.56,13922.34,8562.02,17474.57,4711.35,66014.84,Travel,0,0,0,1,1,0,9,5,6,11,3
6.38483E+15,260000,54783.31,18381.91,34459.32,34833.97,18060.84,160519.35,Travel,1,0,1,1,1,0,0,1,2,8,7
6.02084E+15,210000,43649.95,26098.89,26520.65,38793.53,17468.55,152531.57,"Travel, Fuel",1,0,0,1,1,1,0,1,2,8,7
6.63103E+15,20000,4197.72,2074.7,706.02,2753.96,1595.08,11327.48,Travel,0,1,0,1,0,0,13,14,5,10,9
6.06463E+15,200000,34890.99,39842.14,17364.29,49920.14,11065.98,153083.54,All_Purpose,0,0,0,1,1,0,9,5,6,11,3
6.19407E+15,280000,58583.93,48684.39,41167.95,49185.36,17449.63,215071.26,Travel,1,0,1,1,1,0,0,1,2,8,7
6.54115E+15,150000,32986.86,33551.12,11439.7,31477.61,10207.3,119662.59,Travel,0,0,0,1,1,0,9,5,6,11,3
6.56871E+15,280000,66527.17,23577.3,53631.3,49873.96,16591.86,210201.59,"Travel, Premium",1,0,0,1,1,0,0,1,2,8,7
6.24934E+15,70000,16165.93,16313.94,11698.08,15745.26,5922.97,65846.18,"Travel, Premium, Fuel",0,0,0,1,1,1,9,5,13,14,6
6.16167E+15,120000,16494.02,20682.75,8112.67,35674.44,11664.36,92628.24,"All_Purpose, Fuel",0,0,1,0,1,1,6,11,3,4,7
6.60083E+15,290000,69248.3,27591.71,36699.7,81608.15,14992.22,230140.08,"Travel, All_Purpose",1,0,0,1,1,0,0,1,2,8,7
6.7959E+15,80000,11568.19,22487.92,15606.39,23019.09,5896.86,78578.45,"Lifestyle, Premium, All_Purpose",0,0,0,0,1,0,6,11,3,4,7
6.52324E+15,150000,34002.36,19466.27,25637.34,13221.25,11972.02,104299.24,"Travel, Premium",0,0,1,1,1,0,9,5,6,11,3
6.89876E+15,30000,3542.55,2077.15,4451.07,4643.17,2587.15,17301.09,Fuel,0,1,0,0,0,1,10,13,14,3,4
6.96764E+15,140000,20621.1,25882.2,23019.21,21017.58,11381.24,101921.33,"Premium, Fuel",0,0,0,0,1,1,6,11,3,4,7
6.1264E+15,170000,32704.51,18400.78,5805.18,46141.7,8680.79,111732.96,All_Purpose,0,0,0,1,1,0,9,5,6,11,3
6.69021E+15,40000,7173.62,11390.68,6631.73,11981.82,2701.42,39879.27,"Lifestyle, Premium, All_Purpose",0,0,0,1,1,0,9,5,6,11,3
6.44094E+15,180000,28852.13,30594.4,24601.67,48997.61,17856.75,150902.56,Fuel,0,0,1,1,1,1,9,5,13,14,6
6.14574E+15,80000,13013.2,12427.14,12431.12,10602.48,4441.9,52915.84,Premium,0,0,0,1,1,0,9,5,6,11,3
6.9499E+15,40000,5723.43,4963.08,2788.53,3570.42,2035.75,19081.21,All_Purpose,0,1,0,0,0,0,10,3,4,6,11
6.53682E+15,20000,3283.32,2921.63,2910.8,2560.32,1949.96,13626.03,Fuel,0,1,0,1,0,1,13,14,5,10,9
6.14876E+15,300000,34023.5,46318.56,53835.03,86352.31,22011.02,242540.42,"Premium, All_Purpose",1,0,1,0,1,0,7,12,0,1,2
6.17972E+15,60000,7503.31,17867.53,4163.05,17244.06,4948.94,51726.89,"Lifestyle, All_Purpose, Fuel",0,0,0,0,1,1,6,11,3,4,7
6.80156E+15,220000,38918.72,23686.84,13202.15,28271.53,13050.82,117130.06,All_Purpose,1,0,0,1,1,0,0,1,2,8,7
6.64154E+15,100000,15251.88,6446.07,19474.74,27443.29,9638.76,78254.74,"Premium, Fuel",0,0,0,1,1,1,9,5,13,14,6
6.68678E+15,40000,5043.37,5962.42,6356.02,9324.98,2307.79,28994.58,Premium,0,1,0,0,0,0,10,3,4,6,11
6.35889E+15,220000,29406.54,23309.97,26682.84,46298.29,17380.95,143078.59,All_Purpose,1,0,1,0,1,0,7,12,0,1,2
6.12538E+15,290000,40553.6,23889.83,52515.28,84170.57,27000.85,228130.13,"Premium, All_Purpose, Fuel",1,0,1,0,1,1,7,12,0,1,2
6.90741E+15,180000,35691.53,33788.58,8061.79,30574.75,12354.2,120470.85,All_Purpose,0,0,1,1,1,0,9,5,6,11,3
6.36918E+15,260000,54213.38,45231.92,11382.24,33394.48,21882.36,166104.38,"Travel, Fuel",1,0,1,1,1,1,0,1,2,8,7
6.56979E+15,120000,27321.72,20854.4,13403.97,25239.57,10948.09,97767.75,"Travel, Fuel",0,0,1,1,1,1,9,5,13,14,6
6.08428E+15,20000,4034.05,3828.66,1507.9,5465.97,1797.43,16634.01,"Travel, Fuel",0,1,0,1,0,1,13,14,5,10,9
6.48011E+15,100000,22758.73,26682.36,15042.17,26414.29,8487.36,99384.91,"Travel, Lifestyle, Premium, Fuel",0,0,1,1,1,1,9,5,13,14,6
6.21105E+15,300000,57837.51,71453.75,17088.86,82137.47,28077.65,256595.24,Fuel,1,0,1,1,1,1,0,1,2,8,7
6.64364E+15,40000,8954.9,3288.7,3478.81,9742.87,2321.52,27786.8,Travel,0,1,0,1,0,0,13,14,5,10,9
6.84931E+15,140000,31474.82,24761.37,4351.98,20040.77,11318.49,91947.43,"Travel, Fuel",0,0,0,1,1,1,9,5,13,14,6
6.86781E+15,160000,31163.52,18392.14,22044.96,31807.49,14238.76,117646.87,Fuel,0,0,1,1,1,1,9,5,13,14,6
6.39238E+15,150000,32123.13,27797.5,29056.3,23281.78,12244.66,124503.37,"Travel, Premium, Fuel",0,0,1,1,1,1,9,5,13,14,6
6.77853E+15,80000,9230.12,22744.57,11755.25,7593.93,5203.85,56527.72,Lifestyle,0,0,0,0,1,0,6,11,3,4,7
6.29159E+15,140000,15414.36,27375.97,12432.02,30324.2,7320.19,92866.74,All_Purpose,0,0,1,0,1,0,6,11,3,4,7
6.93681E+15,230000,56585.37,67210.48,36211.39,24982.36,20220.03,205209.63,"Travel, Lifestyle, Premium, Fuel",1,0,1,1,1,1,0,1,2,8,7
6.75437E+15,280000,28929.19,36652.72,31659.42,69857.1,23566.14,190664.57,Fuel,1,0,1,0,1,1,7,12,0,1,2
6.17973E+15,250000,35261,74820.28,25612.71,44826.29,14545.3,195065.58,Lifestyle,1,0,1,0,1,0,7,12,0,1,2
6.09467E+15,300000,61215.7,31557.72,13201.43,68912.95,24817.67,199705.47,"Travel, Fuel",1,0,1,1,1,1,0,1,2,8,7
6.6858E+15,80000,19410.36,7021.16,8279.75,23007.64,5678.91,63397.82,"Travel, All_Purpose",0,0,0,1,1,0,9,5,6,11,3
6.64878E+15,210000,33524.22,24896.3,41428,35711.23,19888.04,155447.79,"Premium, Fuel",1,0,0,1,1,1,0,1,2,8,7
6.08006E+15,160000,21114.51,9245.36,22525.34,25772.13,14914.87,93572.21,Fuel,0,0,0,0,1,1,6,11,3,4,7
6.69484E+15,130000,31879.77,12529.58,23096.57,32610.67,11510.99,111627.58,"Travel, Premium, Fuel",0,0,0,1,1,1,9,5,13,14,6
6.52576E+15,180000,34907.95,14906.02,6395.3,50865.57,14549.85,121624.69,"All_Purpose, Fuel",0,0,0,1,1,1,9,5,13,14,6
6.44711E+15,150000,25834.25,11899.06,7692.24,34623.65,10727.29,90776.49,All_Purpose,0,0,0,1,1,0,9,5,6,11,3
6.36811E+15,210000,36485.23,13870.97,27076.38,29227.5,18874.37,125534.45,Fuel,1,0,0,1,1,1,0,1,2,8,7
6.67524E+15,240000,24418.34,16346.81,23213.74,44540.77,19200.25,127719.91,Fuel,1,0,0,0,1,1,7,12,0,1,2
6.19829E+15,260000,53104.29,68907.96,42269.41,23066.2,19246.59,206594.45,"Travel, Lifestyle, Premium",1,0,0,1,1,0,0,1,2,8,7
6.20954E+15,250000,34076.69,74166.41,13556.06,47438.85,20226.95,189464.96,"Lifestyle, Fuel",1,0,0,0,1,1,7,12,0,1,2
6.75624E+15,280000,51505.24,14683.96,23939.56,54291.04,15230.13,159649.93,All_Purpose,1,0,0,1,1,0,0,1,2,8,7
6.21845E+15,280000,29394.53,19500.49,27293.55,30575.29,21945.57,128709.43,All_Purpose,1,0,0,0,1,0,7,12,0,1,2
6.57122E+15,280000,61624.64,28010.52,16372.17,28841.38,22910.02,157758.73,"Travel, Fuel",1,0,1,1,1,1,0,1,2,8,7
6.67586E+15,130000,31256.14,8189.07,15862.65,30679.13,12161.3,98148.29,"Travel, Fuel",0,0,0,1,1,1,9,5,13,14,6
6.84829E+15,90000,19823.33,12137.63,15166.82,8786.27,8526.67,64440.72,"Travel, Premium, Fuel",0,0,0,1,1,1,9,5,13,14,6
6.47916E+15,290000,64552.45,47293.08,40428.38,56784.49,25108.05,234166.45,"Travel, Fuel",1,0,0,1,1,1,0,1,2,8,7
6.64895E+15,150000,16357.92,16766.37,8568.39,40768.86,9144.1,91605.64,All_Purpose,0,0,1,0,1,0,6,11,3,4,7
6.08611E+15,130000,19569.47,12418.83,21352.34,29239.04,9738.27,92317.95,Premium,0,0,0,1,1,0,9,5,6,11,3
6.34171E+15,10000,2078.8,1071.14,1993.77,2944.54,825.16,8913.41,"Travel, Premium, All_Purpose, Fuel",0,1,0,1,0,1,13,14,5,10,9
6.87452E+15,250000,50508.56,17012.4,8802.73,34172.56,18282.79,128779.04,Travel,1,0,0,1,1,0,0,1,2,8,7
6.73236E+15,70000,14635.28,16497.36,7163.37,10927.4,4798.64,54022.05,Travel,0,0,0,1,1,0,9,5,6,11,3
6.65751E+15,90000,9541.47,24008.21,11553.73,15884.59,7763.66,68751.66,"Lifestyle, Fuel",0,0,0,0,1,1,6,11,3,4,7
6.18137E+15,240000,55443.24,66042.11,24406.21,33816.51,19108.2,198816.27,"Travel, Lifestyle",1,0,1,1,1,0,0,1,2,8,7
6.08579E+15,10000,1315.99,2057.42,1373.65,2412.85,565.78,7725.69,All_Purpose,0,1,0,0,0,0,10,3,4,6,11
6.27627E+15,120000,28362.59,11390.49,8445.88,35244.83,7085.86,90529.65,"Travel, All_Purpose",0,0,0,1,1,0,9,5,6,11,3
6.76509E+15,80000,13907.33,8944.62,14242.2,14237.37,6059.27,57390.79,Premium,0,0,0,1,1,0,9,5,6,11,3
6.65713E+15,240000,45346.23,21811.43,23156.13,70384.97,15097.6,175796.36,All_Purpose,1,0,1,1,1,0,0,1,2,8,7
6.353E+15,110000,13159.42,32170.08,11785.86,14512.42,5904.23,77532.01,Lifestyle,0,0,1,0,1,0,6,11,3,4,7
6.34158E+15,190000,33813.56,25507.65,32472.93,33211.1,11862.79,136868.03,Premium,0,0,0,1,1,0,9,5,6,11,3
6.8707E+15,170000,35022.82,15599.28,9944.2,14971.51,14759.42,90297.23,"Travel, Fuel",0,0,0,1,1,1,9,5,13,14,6
6.56561E+15,80000,13695.57,20883.41,13357.11,16702.24,7473.09,72111.42,"Lifestyle, Premium, Fuel",0,0,0,1,1,1,9,5,13,14,6
6.68072E+15,30000,3503.64,3523.12,1191.14,5905.72,2904.91,17028.53,Fuel,0,1,0,0,0,1,10,13,14,3,4
6.14602E+15,30000,3549.49,4891.49,5662.76,4486.63,2260.85,20851.22,Premium,0,0,0,0,0,0,6,11,9,10,12
6.38394E+15,10000,1222.51,2966.58,1940.7,810.87,975.91,7916.57,"Lifestyle, Premium, Fuel",0,0,0,0,0,1,6,11,9,10,12
6.05203E+15,270000,62150.69,44194.94,31765.86,50637.49,22502.67,211251.65,"Travel, Fuel",1,0,0,1,1,1,0,1,2,8,7
6.04392E+15,50000,5224.8,6349.12,7489.79,6220.39,4183.58,29467.68,Fuel,0,0,0,0,0,1,6,11,9,10,12
6.7666E+15,100000,11408.51,21815.05,10543.75,27099.13,5885.75,76752.19,All_Purpose,0,0,1,0,1,0,6,11,3,4,7
6.97956E+15,70000,16918.45,15456.84,8016.38,15114.85,6541.17,62047.69,"Travel, Fuel",0,0,0,1,1,1,9,5,13,14,6
6.2021E+15,260000,27185.1,73511.67,38277.08,59496.57,15803.78,214274.2,Lifestyle,1,0,0,0,1,0,7,12,0,1,2
6.0245E+15,90000,14317.17,19152.74,4330.87,20225.34,8997.36,67023.48,Fuel,0,0,1,1,1,1,9,5,13,14,6
6.67429E+15,280000,45090.13,74952.74,45641.55,57328.2,24338.29,247350.91,"Lifestyle, Premium, Fuel",1,0,0,1,1,1,0,1,2,8,7
6.42651E+15,70000,11243.47,9223.08,10044.36,18040.83,6168,54719.74,Fuel,0,0,0,1,1,1,9,5,13,14,6
6.01601E+15,90000,14880.37,22901.27,4539.2,17980.88,4525.91,64827.63,Lifestyle,0,0,1,1,1,0,9,5,6,11,3
6.40235E+15,80000,12397.54,11923.45,11858.35,13238.62,5794.77,55212.73,All_Purpose,0,0,0,1,1,0,9,5,6,11,3
6.998E+15,120000,16090.85,8195.88,15910.35,27240.82,9716.94,77154.84,Fuel,0,0,0,0,1,1,6,11,3,4,7
6.00506E+15,20000,3139.36,5316.67,2364.88,3708.4,1025.64,15554.95,Lifestyle,0,1,0,1,0,0,13,14,5,10,9
6.95403E+15,10000,1570.29,1497.06,1286.29,1973.93,803.95,7131.52,Fuel,0,1,0,1,0,1,13,14,5,10,9
6.25419E+15,160000,35511.66,36724.92,30790.24,13441.79,9566.22,126034.83,"Travel, Premium",0,0,1,1,1,0,9,5,6,11,3
6.7643E+15,230000,53982.05,25500.23,43147.05,21449.53,22246.01,166324.87,"Travel, Premium, Fuel",1,0,1,1,1,1,0,1,2,8,7
6.69614E+15,230000,39762.58,26264.65,18038.53,33948.87,20734.8,138749.43,Fuel,1,0,0,1,1,1,0,1,2,8,7
6.48969E+15,300000,44008.85,60775.03,45523.68,41993.18,21203.24,213503.98,Premium,1,0,0,0,1,0,7,12,0,1,2
6.59062E+15,240000,30531.78,43509.8,36129.09,24843.1,18807.75,153821.52,Premium,1,0,1,0,1,0,7,12,0,1,2
6.62168E+15,50000,12221.95,8544.32,8350.94,10052.49,2608.53,41778.23,"Travel, Premium",0,0,0,1,0,0,9,6,11,0,1
6.16057E+15,30000,7281.32,6012.09,5077.86,8235.76,1842.12,28449.15,"Travel, Premium",0,1,0,1,0,0,13,14,5,10,9
6.99901E+15,120000,22997.66,18330.85,20733.17,33360.61,8120.53,103542.82,Premium,0,0,1,1,1,0,9,5,6,11,3
6.2821E+15,80000,17366.31,9496.12,13587.55,13857.79,6670.2,60977.97,"Travel, Premium, Fuel",0,0,0,1,1,1,9,5,13,14,6
6.07574E+15,220000,42587.36,35847.22,28539.16,25731.89,19105.61,151811.24,Fuel,1,0,0,1,1,1,0,1,2,8,7
6.10184E+15,270000,35777.96,19960.73,9185.01,59733.11,21695.77,146352.58,Fuel,1,0,1,0,1,1,7,12,0,1,2
6.48283E+15,30000,4043.76,4431.79,3931.83,5678.66,2981.68,21067.72,Fuel,0,1,0,0,0,1,10,13,14,3,4
6.83112E+15,10000,2042.72,1510.8,1027.94,2378.72,846.22,7806.4,"Travel, Fuel",0,1,0,1,0,1,13,14,5,10,9
6.23302E+15,30000,3577.77,2280.82,4594.13,6217.35,1911.24,18581.31,Premium,0,1,0,0,0,0,10,3,4,6,11
6.29209E+15,50000,5642.44,13677.39,3130.87,7557.09,3066.64,33074.43,Lifestyle,0,0,0,0,1,0,6,11,3,4,7
6.62516E+15,150000,16562.04,26964.74,6224.12,38411.76,9252.84,97415.5,All_Purpose,0,0,0,0,1,0,6,11,3,4,7
6.98436E+15,140000,32481.66,29780.71,16884.4,21189.48,9331.01,109667.26,Travel,0,0,1,1,1,0,9,5,6,11,3
6.41895E+15,30000,7473.63,6463.79,3744.7,7222.29,2197.81,27102.22,Travel,0,0,0,1,0,0,9,6,11,0,1
6.00089E+15,10000,1843.45,2894.06,598.02,2318.01,600.47,8254.01,Lifestyle,0,1,0,1,0,0,13,14,5,10,9
6.73428E+15,50000,5725.07,8129.64,7927.39,7823.29,4162.28,33767.67,"Premium, Fuel",0,0,0,0,0,1,6,11,9,10,12
6.74043E+15,260000,62159.93,28251.74,25449.76,29518.2,25902.29,171281.92,"Travel, Fuel",1,0,1,1,1,1,0,1,2,8,7
6.51526E+15,230000,52050.15,41455.08,31282.2,22909.7,20185.61,167882.74,"Travel, Fuel",1,0,0,1,1,1,0,1,2,8,7
6.94167E+15,140000,31347.42,34370.98,21068.12,12313.74,9121.9,108222.16,"Travel, Premium",0,0,0,1,1,0,9,5,6,11,3
6.1635E+15,70000,10781.43,5033.75,13249.8,14128.55,4569.34,47762.87,Premium,0,0,0,1,0,0,9,6,11,0,1
6.58201E+15,270000,45111.7,54040.12,31769.69,76211.88,20209.01,227342.4,All_Purpose,1,0,1,1,1,0,0,1,2,8,7
6.14858E+15,90000,20494.24,9191.49,16938.11,9504.05,8178.52,64306.41,"Travel, Premium, Fuel",0,0,0,1,0,1,9,13,14,6,11
6.87992E+15,150000,34754.42,40052.13,25051.1,38071,9785.09,147713.74,"Travel, Lifestyle, Premium",0,0,1,1,1,0,9,5,6,11,3
6.77296E+15,150000,24067.05,14007.17,22221.25,23421.29,14817.08,98533.84,Fuel,0,0,0,1,1,1,9,5,13,14,6
6.95485E+15,260000,58076.74,21614.1,45901.04,73581.71,19331.8,218505.39,"Travel, Premium, All_Purpose",1,0,0,1,1,0,0,1,2,8,7
6.77016E+15,100000,21472.15,9370.97,11543.62,16770.59,5731.87,64889.2,Travel,0,0,0,1,1,0,9,5,6,11,3
6.03422E+15,280000,30863.24,15806.83,14833.92,81727.89,21693.41,164925.29,All_Purpose,1,0,1,0,1,0,7,12,0,1,2
6.33592E+15,130000,21433.71,16634.02,15085.74,22970.03,7186.82,83310.32,All_Purpose,0,0,0,1,1,0,9,5,6,11,3
6.41675E+15,190000,25157.09,38930.43,26701.5,21554.64,10082.82,122426.48,All_Purpose,0,0,1,0,1,0,6,11,3,4,7
6.81839E+15,70000,7610.72,20910.16,2787.59,16303.54,6942.88,54554.89,"Lifestyle, Fuel",0,0,0,0,1,1,6,11,3,4,7
6.66299E+15,170000,20627.36,13658.86,13864.65,17379.11,14383.37,79913.35,Fuel,0,0,0,0,1,1,6,11,3,4,7
6.05331E+15,200000,35282.66,59834.84,33674.99,43069.66,13062.54,184924.69,"Lifestyle, Premium",0,0,1,1,1,0,9,5,6,11,3
6.41564E+15,290000,47534.63,23976.5,52409.59,51896.26,17322.03,193139.01,Premium,1,0,0,1,1,0,0,1,2,8,7
6.30072E+15,40000,6484.78,10275.38,6188.58,9969.88,2022.06,34940.68,"Lifestyle, Premium",0,1,0,1,1,0,5,3,4,13,14
6.58676E+15,300000,51660.49,16439.42,22250.47,74179.13,17056.65,181586.16,All_Purpose,1,0,0,1,1,0,0,1,2,8,7
6.79239E+15,50000,6614.01,2651.51,3550.21,14734.61,4503.84,32054.18,"All_Purpose, Fuel",0,0,0,0,0,1,6,11,9,10,12
6.38604E+15,230000,39830.96,17809.83,28325.22,41391.49,21210.11,148567.61,Fuel,1,0,1,1,1,1,0,1,2,8,7
6.11182E+15,70000,8575.51,9181.83,10874.55,12930.68,4815.61,46378.18,Premium,0,0,0,0,1,0,6,11,3,4,7
6.70538E+15,130000,21959.21,32013.04,23615.07,37722.57,11614.87,126924.76,"Premium, All_Purpose, Fuel",0,0,0,1,1,1,9,5,13,14,6
6.52747E+15,150000,30483.03,23910.12,10994.1,39748.76,7788.2,112924.21,Travel,0,0,1,1,1,0,9,5,6,11,3
6.7744E+15,110000,18614.38,23023.04,15629.92,30461.85,9001.68,96730.87,Fuel,0,0,1,1,1,1,9,5,13,14,6
6.9592E+15,290000,31899.36,52084.58,16103.33,70248.27,21927.22,192262.76,All_Purpose,1,0,0,0,1,0,7,12,0,1,2
6.43386E+15,40000,4250.04,2847.92,6071,3834.34,2142.51,19145.81,Premium,0,1,0,0,0,0,10,3,4,6,11
6.275E+15,130000,31651.78,30469.02,11706.86,18880.92,8773.07,101481.65,Travel,0,0,0,1,1,0,9,5,6,11,3
6.18268E+15,70000,8828.15,5221.92,9957.6,17371.34,4427.66,45806.67,All_Purpose,0,0,0,0,1,0,6,11,3,4,7
6.78698E+15,270000,30327.95,78830.55,21660.92,67291.85,21932.96,220044.23,"Lifestyle, Fuel",1,0,0,0,1,1,7,12,0,1,2
6.52939E+15,190000,24862.09,15265.85,25564.92,47579.69,15617.09,128889.64,Fuel,0,0,1,0,1,1,6,11,3,4,7
6.25669E+15,220000,23384.39,64266.88,36471.91,31772.59,21779.67,177675.44,"Lifestyle, Premium, Fuel",1,0,1,0,1,1,7,12,0,1,2
6.19687E+15,280000,52461.75,66365.12,47040.24,62839.08,15793.34,244499.53,Premium,1,0,1,1,1,0,0,1,2,8,7
6.45283E+15,20000,4784.25,2123.08,1865.37,3501.14,1439.4,13713.24,Travel,0,0,0,1,0,0,9,6,11,0,1
6.33413E+15,100000,24146.14,11017.32,5065.52,12344.35,9434.62,62007.95,"Travel, Fuel",0,0,0,1,1,1,9,5,13,14,6
6.6834E+15,130000,28726.61,34274.55,22463.8,36447.39,8087.66,130000.01,"Travel, Lifestyle, Premium, All_Purpose",0,0,1,1,1,0,9,5,6,11,3
6.81181E+15,300000,50724.28,78149.89,46153.02,75245.53,24842.43,275115.15,"Lifestyle, Premium, Fuel",1,0,0,1,1,1,0,1,2,8,7
6.51216E+15,250000,61925.12,71086.75,9334.88,29064.81,14146.61,185558.17,"Travel, Lifestyle",1,0,1,1,1,0,0,1,2,8,7
6.01613E+15,210000,46760.24,21709.35,24358.94,55640.48,18194.42,166663.43,"Travel, Fuel",1,0,0,1,1,1,0,1,2,8,7
6.5884E+15,60000,11313.13,10625.41,4834.99,12258.29,5066.66,44098.48,Fuel,0,0,0,1,1,1,9,5,13,14,6
6.66026E+15,280000,54724.24,67278.51,16019.41,50831.94,14130.64,202984.74,All_Purpose,1,0,1,1,1,0,0,1,2,8,7
6.57619E+15,280000,58511.39,83426.7,13120.88,47132.05,25200.99,227392.01,"Travel, Lifestyle, Fuel",1,0,1,1,1,1,0,1,2,8,7
6.50352E+15,120000,25195.28,24479.56,7435.7,18982.15,10702.75,86795.44,"Travel, Fuel",0,0,1,1,1,1,9,5,13,14,6
6.08536E+15,120000,12094.13,28829.72,4320.35,29287.37,7214.88,81746.45,All_Purpose,0,0,1,0,1,0,6,11,3,4,7
6.43157E+15,200000,31038.22,26346.58,11062.19,29446.59,18766.51,116660.09,Fuel,0,0,1,1,1,1,9,5,13,14,6
6.44621E+15,300000,50187.48,69155.32,54195.98,63140.93,20872.89,257552.6,Premium,1,0,0,1,1,0,0,1,2,8,7
6.629E+15,300000,61302.82,15241.37,40599.06,47462.54,26912.96,191518.75,"Travel, Fuel",1,0,1,1,1,1,0,1,2,8,7
6.40925E+15,110000,20705.34,18726.75,15311.49,10369.46,8689.91,73802.95,All_Purpose,0,0,0,1,1,0,9,5,6,11,3
6.68635E+15,260000,47865.74,52226.7,37699.88,66845.37,16507.67,221145.36,All_Purpose,1,0,1,1,1,0,0,1,2,8,7
6.72556E+15,230000,40189.82,15930.85,9189.34,35312.46,20526.32,121148.79,Fuel,1,0,0,1,1,1,0,1,2,8,7
6.70871E+15,280000,61121.83,50208.83,29353.47,31483.08,18594.7,190761.91,Travel,1,0,1,1,1,0,0,1,2,8,7
6.8875E+15,250000,33272.95,49889.08,38765.68,74909.11,24163.92,221000.74,"Premium, All_Purpose, Fuel",1,0,0,0,1,1,7,12,0,1,2
6.36097E+15,70000,11423.1,14633.1,11449.25,7422.38,4934.67,49862.5,Premium,0,0,0,1,1,0,9,5,6,11,3
6.71269E+15,300000,47272.48,57890.42,38976.24,36175.43,20433.53,200748.1,All_Purpose,1,0,1,1,1,0,0,1,2,8,7
6.36001E+15,10000,1039.3,560.48,1713.88,1400.76,759.04,5473.46,Premium,0,1,0,0,0,0,10,3,4,6,11
6.09636E+15,10000,2411.02,1148.24,1030.42,2720.01,920.97,8230.66,"Travel, Fuel",0,1,0,1,0,1,13,14,5,10,9
6.62771E+15,250000,55099.12,41136.68,28026.18,27341.4,13507.52,165110.9,Travel,1,0,0,1,1,0,0,1,2,8,7
6.72208E+15,270000,47106.68,42987.42,41584.43,67071.47,15645.26,214395.26,Premium,1,0,0,1,1,0,0,1,2,8,7
6.3976E+15,300000,63811.88,64271.64,57787.35,28551.23,15855.82,230277.92,"Travel, Premium",1,0,1,1,1,0,0,1,2,8,7
6.60519E+15,250000,34813.96,27936.17,46015.82,33725.04,15899.37,158390.36,Premium,1,0,1,0,1,0,7,12,0,1,2
6.08024E+15,200000,43301.32,13268.31,22577.42,17479,10626.53,107252.58,Travel,0,0,0,1,1,0,9,5,6,11,3
6.62432E+15,130000,15715.28,23803.67,12985.21,20334.02,12348.92,85187.1,Fuel,0,0,1,0,1,1,6,11,3,4,7
6.57386E+15,90000,17961.16,26176.37,11270.57,25749.08,4735.16,85892.34,"Lifestyle, All_Purpose",0,0,0,1,1,0,9,5,6,11,3
6.71122E+15,30000,4170.71,6981.16,5904.62,4093.1,2481.26,23630.85,"Premium, Fuel",0,1,0,0,0,1,10,13,14,3,4
6.38885E+15,70000,12935.97,11618.82,13666.86,14971.32,4723.27,57916.24,Premium,0,0,0,1,1,0,9,5,6,11,3
6.26643E+15,60000,7361.22,6379.75,4359.86,16028.13,4683.67,38812.63,All_Purpose,0,0,0,0,1,0,6,11,3,4,7
6.37171E+15,80000,9377.23,21202.79,12230.27,7590.96,6831.34,57232.59,"Lifestyle, Premium, Fuel",0,0,0,0,1,1,6,11,3,4,7
6.29495E+15,270000,30309.88,44435.29,30347.56,31447.01,26266.92,162806.66,Fuel,1,0,1,0,1,1,7,12,0,1,2
6.9496E+15,90000,15240.99,13764.72,12659.89,17999.55,4780.23,64445.38,All_Purpose,0,0,0,1,1,0,9,5,6,11,3
6.27436E+15,300000,66288.16,49442.99,11649.79,75894.36,18020.46,221295.76,Travel,1,0,1,1,1,0,0,1,2,8,7
6.41433E+15,50000,6235.3,6627.69,7932.39,9713.24,3012.2,33520.82,Premium,0,0,0,0,0,0,6,11,9,10,12
6.73458E+15,10000,2319.37,2676.45,705.95,1792.73,992.49,8486.99,"Travel, Lifestyle, Fuel",0,0,0,1,0,1,9,13,14,6,11
6.18027E+15,190000,19774.27,12597.22,20684.98,53205.4,14617.67,120879.54,All_Purpose,0,0,0,0,1,0,6,11,3,4,7
6.57391E+15,100000,11582.11,21419.5,16975.75,16369.24,8878.06,75224.66,"Premium, Fuel",0,0,1,0,1,1,6,11,3,4,7
6.02882E+15,120000,21419.93,14614.14,19774.23,24848.46,9807.49,90464.25,"Premium, Fuel",0,0,0,1,1,1,9,5,13,14,6
6.89395E+15,240000,38254.94,66905.4,28947.58,27540.01,20350.79,181998.72,"Lifestyle, Fuel",1,0,1,1,1,1,0,1,2,8,7
6.47018E+15,150000,22127.14,39644.22,27606.65,21137.85,14876.41,125392.27,"Lifestyle, Premium, Fuel",0,0,0,0,1,1,6,11,3,4,7
6.29139E+15,270000,35181.63,25935.18,49134.13,60464.98,15553.41,186269.33,Premium,1,0,1,0,1,0,7,12,0,1,2
6.45307E+15,220000,42304.83,15590.52,39602.37,56494.41,16557.27,170549.4,Premium,1,0,0,1,1,0,0,1,2,8,7
6.56779E+15,240000,39039.4,71046.62,34451.14,52710.64,13991.46,211239.26,Lifestyle,1,0,0,1,1,0,0,1,2,8,7
6.94395E+15,90000,14771.11,8150.25,2892.9,18283.16,6873.3,50970.72,All_Purpose,0,0,0,1,1,0,9,5,6,11,3
6.35148E+15,200000,25622.36,52908.85,33848.16,39794.93,17102.43,169276.73,"Lifestyle, Premium, Fuel",0,0,1,0,1,1,6,11,3,4,7
6.04014E+15,170000,29014.78,43419.57,18372.76,26981.66,12700.81,130489.58,Lifestyle,0,0,0,1,1,0,9,5,6,11,3
6.10976E+15,300000,45084.36,28032.12,45312.72,78514.56,16509.56,213453.32,Premium,1,0,1,1,1,0,0,1,2,8,7
6.33061E+15,170000,20620.29,23287.51,18115.14,41606.11,14034.75,117663.8,Fuel,0,0,0,0,1,1,6,11,3,4,7
6.81235E+15,260000,39742.62,67694.09,28630.89,76804.8,21243.85,234116.25,"Lifestyle, All_Purpose, Fuel",1,0,1,1,1,1,0,1,2,8,7
6.44946E+15,200000,40285.33,26255.2,29335.12,19064.21,11748.81,126688.67,Travel,0,0,0,1,1,0,9,5,6,11,3
6.37779E+15,120000,16089.23,31111.23,9297.23,26572.08,10164.9,93234.67,"Lifestyle, Fuel",0,0,1,0,1,1,6,11,3,4,7
6.20952E+15,300000,43738.98,30948.33,10692.66,44060.46,24797.44,154237.87,Fuel,1,0,1,0,1,1,7,12,0,1,2
6.54412E+15,70000,16147.65,16906.13,11482.52,15840.77,4411,64788.07,"Travel, Premium",0,0,0,1,1,0,9,5,6,11,3
6.01142E+15,20000,4012.2,3802.2,977.36,3567.04,1460.36,13819.16,Travel,0,1,0,1,0,0,13,14,5,10,9
6.59934E+15,30000,5459.92,4353,5881.68,3130.76,2133.82,20959.18,Premium,0,0,0,1,0,0,9,6,11,0,1
6.06564E+15,170000,35867.56,47518.25,13193.08,45701.98,10983.85,153264.72,"Travel, Lifestyle",0,0,1,1,1,0,9,5,6,11,3
6.04726E+15,50000,10654.71,12561.33,1653.06,14590.91,4316.68,43776.69,"Travel, Lifestyle, All_Purpose, Fuel",0,0,0,1,1,1,9,5,13,14,6
6.90516E+15,170000,38149.56,20464.65,30322.59,17810.51,14481.33,121228.64,"Travel, Premium, Fuel",0,0,1,1,1,1,9,5,13,14,6
6.55062E+15,240000,27475.24,26513.63,7706.08,43950.95,15615.18,121261.08,All_Purpose,1,0,0,0,1,0,7,12,0,1,2
6.55309E+15,170000,24579.56,21246.56,26578.28,15400.54,16174.61,103979.55,"Premium, Fuel",0,0,1,0,1,1,6,11,3,4,7
6.15158E+15,270000,54046.09,53542.46,49056.68,32608.61,14566.08,203819.92,"Travel, Premium",1,0,0,1,1,0,0,1,2,8,7
6.41231E+15,170000,37261.75,9973.49,21943.12,50829.36,15773.42,135781.14,"Travel, All_Purpose, Fuel",0,0,0,1,1,1,9,5,13,14,6
6.36694E+15,20000,2190.92,5156.87,2636.53,2105.71,1093.86,13183.89,Lifestyle,0,1,0,0,0,0,10,3,4,6,11
6.13819E+15,20000,4007.6,5146.43,3588.53,4115.8,1517.45,18375.81,"Travel, Lifestyle, Premium",0,1,0,1,0,0,13,14,5,10,9
6.38083E+15,280000,41311.76,44421.72,45236.67,59478.48,26495.33,216943.96,"Premium, Fuel",1,0,1,0,1,1,7,12,0,1,2
6.63967E+15,220000,42033.96,45721.92,28729.47,51607.47,13611.77,181704.59,All_Purpose,1,0,0,1,1,0,0,1,2,8,7
6.07546E+15,230000,26595.76,33609.4,25967.78,51402.55,22431.11,160006.6,Fuel,1,0,1,0,1,1,7,12,0,1,2
6.67682E+15,50000,10576.95,8828.33,6889.88,4780.25,3135.98,34211.39,Travel,0,0,0,1,0,0,9,6,11,0,1
6.8888E+15,10000,1708.74,614.12,538.04,1408.99,985.77,5255.66,Fuel,0,1,0,1,0,1,13,14,5,10,9
6.59214E+15,10000,1723.06,990.24,1338.33,1417.5,603.5,6072.63,All_Purpose,0,1,0,1,0,0,13,14,5,10,9
6.63478E+15,190000,19156.92,9864.04,12775.92,16734.95,10526.24,69058.07,All_Purpose,0,0,0,0,1,0,6,11,3,4,7
6.01997E+15,300000,55742.19,53450.08,23967.93,85495.75,20955.23,239611.18,All_Purpose,1,0,1,1,1,0,0,1,2,8,7
6.90934E+15,20000,2341.52,2726.12,2325.2,5446.58,1493.55,14332.97,All_Purpose,0,1,0,0,0,0,10,3,4,6,11
6.19054E+15,210000,52273.73,17403.18,16107.92,35029.41,14929.2,135743.44,Travel,1,0,1,1,1,0,0,1,2,8,7
6.80089E+15,120000,28337,27420.98,16001.27,17767.44,10942.74,100469.43,"Travel, Fuel",0,0,0,1,1,1,9,5,13,14,6
6.28459E+15,260000,58026.73,13101.73,35928.94,23724.94,16348.89,147131.23,Travel,1,0,0,1,1,0,0,1,2,8,7
6.63587E+15,60000,11434.16,13298.85,2967.77,9866.67,4368.71,41936.16,All_Purpose,0,0,0,1,1,0,9,5,6,11,3
6.64493E+15,230000,27175.36,35589.5,36271.06,21992.99,12422.07,133450.98,Premium,1,0,1,0,1,0,7,12,0,1,2
6.8981E+15,40000,9650.35,8685.73,5814.96,6384.9,3187.32,33723.26,Travel,0,0,0,1,0,0,9,6,11,0,1
6.89501E+15,230000,54508.4,46722.97,41061.62,55033.04,12886.42,210212.45,"Travel, Premium",1,0,0,1,1,0,0,1,2,8,7
6.71166E+15,110000,12096.32,20184.11,5957.96,9083.3,7821.19,55142.88,All_Purpose,0,0,0,0,1,0,6,11,3,4,7
6.87641E+15,240000,44779.2,14624.34,12218.53,48696.32,16118.01,136436.4,All_Purpose,1,0,0,1,1,0,0,1,2,8,7
6.95159E+15,270000,53417.81,70578.29,39885.42,47137.91,22585.05,233604.48,"Lifestyle, Fuel",1,0,1,1,1,1,0,1,2,8,7
6.33932E+15,170000,24810.99,42031.87,18001.52,43459.42,15490.59,143794.39,Fuel,0,0,0,0,1,1,6,11,3,4,7
6.35887E+15,60000,14249.72,9464.78,5052.44,12485.02,4113.52,45365.48,Travel,0,0,0,1,1,0,9,5,6,11,3
6.39386E+15,240000,48782.58,34473.17,14007.9,41931.95,13711.13,152906.73,Travel,1,0,1,1,1,0,0,1,2,8,7
6.5164E+15,50000,7594.08,4430.75,1716.31,11104.05,4092.26,28937.45,Fuel,0,0,0,1,0,1,9,13,14,6,11
6.56694E+15,200000,22151.36,30481.44,16581.39,45793.31,16057.79,131065.29,Fuel,0,0,1,0,1,1,6,11,3,4,7
6.18193E+15,20000,2653.68,5940.18,2143.61,4628.41,1140.55,16506.43,Lifestyle,0,1,0,0,0,0,10,3,4,6,11
6.87273E+15,60000,10549.1,17460.26,5718.91,5314.75,3092.87,42135.89,Lifestyle,0,0,0,1,1,0,9,5,6,11,3
6.92412E+15,220000,27280.82,12284.37,34882.39,39792.51,14181.69,128421.78,Premium,1,0,0,0,1,0,7,12,0,1,2
6.08075E+15,110000,26772.66,14134.08,19913.15,23391.22,10046.89,94258,"Travel, Premium, Fuel",0,0,0,1,1,1,9,5,13,14,6
6.47528E+15,160000,22921.73,46445.42,15393.91,26370.02,10723.1,121854.18,Lifestyle,0,0,0,0,1,0,6,11,3,4,7
6.21517E+15,160000,19699.48,30148.46,19534.37,39618.94,14669.2,123670.45,Fuel,0,0,0,0,1,1,6,11,3,4,7
6.83114E+15,10000,1453.5,1148.34,630.86,926.82,671.22,4830.74,All_Purpose,0,1,0,0,0,0,10,3,4,6,11
6.23957E+15,90000,22046.63,17048.45,8013.34,18693.26,5126.39,70928.07,Travel,0,0,0,1,1,0,9,5,6,11,3
6.9944E+15,280000,54301.84,48222.85,27524.67,83621.06,26324.41,239994.83,"All_Purpose, Fuel",1,0,1,1,1,1,0,1,2,8,7
6.38985E+15,270000,50059.78,55394.58,17340.23,45071.18,14032.7,181898.47,All_Purpose,1,0,1,1,1,0,0,1,2,8,7
6.00734E+15,60000,10887.22,6416.25,11633.09,16804.8,5166.43,50907.79,"Premium, All_Purpose, Fuel",0,0,0,1,1,1,9,5,13,14,6
6.198E+15,160000,36879.26,13226.09,26301.87,17193.69,14353.69,107954.6,"Travel, Premium, Fuel",0,0,0,1,1,1,9,5,13,14,6
6.16594E+15,290000,67153.44,82943.05,16035.64,52718.7,28724.32,247575.15,"Travel, Lifestyle, Fuel",1,0,1,1,1,1,0,1,2,8,7
6.33957E+15,30000,6885.96,5915.49,2814.18,4286.17,1804.83,21706.63,Travel,0,1,0,1,0,0,13,14,5,10,9
6.48797E+15,200000,31596.22,35563.77,22739.07,41400.28,18655.77,149955.11,Fuel,0,0,0,1,1,1,9,5,13,14,6
6.64672E+15,280000,45118.54,71926.32,44791.52,57729.38,27384.66,246950.42,"Lifestyle, Premium, Fuel",1,0,1,1,1,1,0,1,2,8,7
6.34368E+15,270000,31425.2,71142.43,28256.98,71909.95,25556.72,228291.28,"Lifestyle, Fuel",1,0,0,0,1,1,7,12,0,1,2
6.22299E+15,40000,9300.79,6483.19,4670.94,8714.01,3852.77,33021.7,"Travel, Fuel",0,1,0,1,0,1,13,14,5,10,9
6.33479E+15,190000,32590.04,42166.8,29043.43,44147.86,10777.13,158725.26,Premium,0,0,1,1,1,0,9,5,6,11,3
6.24319E+15,260000,39989.91,65288.42,20121.19,32852.32,25446.82,183698.66,"Lifestyle, Fuel",1,0,1,1,1,1,0,1,2,8,7
6.28615E+15,30000,7490.19,6576.16,5125.19,4344.49,1521.47,25057.5,"Travel, Premium",0,1,0,1,0,0,13,14,5,10,9
6.59429E+15,190000,42773.12,44672.62,10314.06,46693.29,16804.77,161257.86,"Travel, Fuel",0,0,1,1,1,1,9,5,13,14,6
6.23274E+15,200000,42983.48,52296.07,26862.54,19898.61,14876.28,156916.98,"Travel, Lifestyle",0,0,1,1,1,0,9,5,6,11,3
6.14154E+15,70000,11279.2,10624.36,2885.52,10971.84,3888.49,39649.41,All_Purpose,0,0,0,1,1,0,9,5,6,11,3
6.34706E+15,200000,48430.64,13615.82,38473.92,38993.37,12995.66,152509.41,"Travel, Premium",0,0,0,1,1,0,9,5,6,11,3
6.76092E+15,90000,15758.43,22376.6,13518.42,8194.48,4828.06,64675.99,Premium,0,0,1,1,1,0,9,5,6,11,3
6.22814E+15,10000,1442.94,1080.96,777.71,2567.66,964.61,6833.88,Fuel,0,1,0,0,0,1,10,13,14,3,4
6.70556E+15,80000,18873.33,10429.91,8879.54,10378.11,6561.9,55122.79,"Travel, Fuel",0,0,0,1,1,1,9,5,13,14,6
6.59383E+15,70000,13336.68,9761.75,9809.03,7492.98,6610.31,47010.75,Fuel,0,0,0,1,0,1,9,13,14,6,11
6.91045E+15,180000,30132.44,35363.92,24518.39,17242.32,15143.55,122400.62,Fuel,0,0,0,1,1,1,9,5,13,14,6
6.99044E+15,80000,16567.43,20450.7,13333.84,16124.02,6080.68,72556.67,"Travel, Lifestyle, Premium",0,0,0,1,1,0,9,5,6,11,3
6.75798E+15,10000,2163.02,1178.52,1144.38,1425.4,566.91,6478.23,Travel,0,1,0,1,0,0,13,14,5,10,9
6.69995E+15,110000,11896.48,26087.74,9238.87,8803.26,8311.21,64337.56,All_Purpose,0,0,0,0,1,0,6,11,3,4,7
6.86709E+15,280000,39599.12,63488.35,11384.03,74103.25,14053.48,202628.23,All_Purpose,1,0,1,0,1,0,7,12,0,1,2
6.97899E+15,250000,28820.96,35014.62,18991.71,66349.15,16416.85,165593.29,All_Purpose,1,0,1,0,1,0,7,12,0,1,2
6.13933E+15,250000,58445.21,39613.59,46172.58,40752.49,24550.98,209534.85,"Travel, Premium, Fuel",1,0,1,1,1,1,0,1,2,8,7
6.40472E+15,180000,31332.98,26444.2,24760.98,42272.74,9039.27,133850.17,All_Purpose,0,0,0,1,1,0,9,5,6,11,3
6.47684E+15,230000,47600.09,49817.16,44672.46,56908.51,22433.89,221432.11,"Travel, Premium, Fuel",1,0,1,1,1,1,0,1,2,8,7
6.0752E+15,300000,43412.35,22902.37,48873.02,66513.85,15722.79,197424.38,Premium,1,0,0,0,1,0,7,12,0,1,2
6.023E+15,100000,24352,17510.03,10356.4,18069.39,6044.41,76332.23,Travel,0,0,1,1,1,0,9,5,6,11,3
6.34971E+15,30000,3235.6,7256.76,3024.17,7826.39,2775.52,24118.44,Fuel,0,1,0,0,0,1,10,13,14,3,4
6.46253E+15,70000,13902.21,11764.93,12573.87,8922.41,5872.35,53035.77,"Premium, Fuel",0,0,0,1,1,1,9,5,13,14,6
6.92863E+15,280000,40402.66,23562.06,39418.05,67897.6,18418.78,189699.15,All_Purpose,1,0,1,0,1,0,7,12,0,1,2
6.87655E+15,160000,33116.97,15968.61,29013.85,22916.82,10942.29,111958.54,"Travel, Premium",0,0,0,1,1,0,9,5,6,11,3
6.08647E+15,260000,30348.98,46531.02,19627.6,68589.47,13191.01,178288.08,All_Purpose,1,0,1,0,1,0,7,12,0,1,2
6.99443E+15,160000,24096.29,8773.11,8182.82,27360.22,11942.92,80355.36,All_Purpose,0,0,0,1,1,0,9,5,6,11,3
6.92879E+15,250000,44910.16,49695.73,7921.76,45525.23,24543.74,172596.62,Fuel,1,0,1,1,1,1,0,1,2,8,7
6.01179E+15,200000,40326.27,25593.19,32315.71,50008.55,15212.96,163456.68,"Travel, Premium",0,0,1,1,1,0,9,5,6,11,3
6.34802E+15,280000,33273.11,15186.34,45059.53,72120.78,15682.9,181322.66,Premium,1,0,1,0,1,0,7,12,0,1,2
6.64925E+15,170000,17447.59,20965.62,27443.8,32971.72,11458.81,110287.54,Premium,0,0,1,0,1,0,6,11,3,4,7
6.65287E+15,20000,2004.06,2499,2797.96,5886.46,1847.06,15034.54,"All_Purpose, Fuel",0,0,0,0,0,1,6,11,9,10,12
6.38786E+15,10000,2347.84,2458,1626.64,1807.59,699,8939.07,"Travel, Premium",0,1,0,1,0,0,13,14,5,10,9
6.81457E+15,160000,21477.65,17864.15,17966.9,39110.04,11790.48,108209.22,All_Purpose,0,0,0,0,1,0,6,11,3,4,7
6.80276E+15,300000,68436.71,80236.37,45915.61,83722.14,21689.16,299999.99,"Travel, Lifestyle, Premium",1,0,0,1,1,0,0,1,2,8,7
6.1996E+15,120000,18582.25,12761.44,7594.99,13317.2,9734.48,61990.36,Fuel,0,0,0,1,1,1,9,5,13,14,6
6.31877E+15,50000,9337.24,4337.03,8394.55,10995.5,3470.41,36534.73,Premium,0,0,0,1,0,0,9,6,11,0,1
6.34515E+15,50000,7588.94,13968.57,3969.29,9169.87,4725.35,39422.02,"Lifestyle, Fuel",0,0,0,1,1,1,9,5,13,14,6
6.89247E+15,270000,29519.23,23442.96,8459.93,59076.75,19543.59,140042.46,All_Purpose,1,0,1,0,1,0,7,12,0,1,2
6.84129E+15,230000,41273.26,25408.86,26473.6,52788.79,12376.75,158321.26,All_Purpose,1,0,0,1,1,0,0,1,2,8,7
6.72553E+15,90000,19894.03,14842.46,11062.63,15769.76,4697.55,66266.43,Travel,0,0,0,1,1,0,9,5,6,11,3
6.9602E+15,90000,15014.81,9206.67,3464.68,23904.26,8915.37,60505.79,Fuel,0,0,0,1,1,1,9,5,13,14,6
6.13434E+15,30000,6842.03,3314.83,5799.2,3699.71,2927.14,22582.91,"Travel, Premium, Fuel",0,0,0,1,0,1,9,13,14,6,11
6.41475E+15,190000,39284.1,56104.33,24096.13,26048.85,13651.46,159184.87,"Travel, Lifestyle",0,0,1,1,1,0,9,5,6,11,3
6.68322E+15,160000,30936.24,47247.11,9970.93,40699.35,15263.19,144116.82,"Lifestyle, Fuel",0,0,1,1,1,1,9,5,13,14,6
6.59817E+15,160000,39043.25,28858.39,31382.78,39457.32,9293.37,148035.11,"Travel, Premium",0,0,1,1,1,0,9,5,6,11,3
6.4028E+15,30000,6232.49,3355.05,4167.14,6799.56,1744.05,22298.29,Travel,0,1,0,1,0,0,13,14,5,10,9
6.85982E+15,200000,43148.81,34944.78,6411.51,16397.69,13570.29,114473.08,Travel,0,0,1,1,1,0,9,5,6,11,3
6.74963E+15,240000,32232.36,50061.82,16260.7,36184.18,22176.51,156915.57,Fuel,1,0,1,0,1,1,7,12,0,1,2
6.61577E+15,220000,25148.18,34578.61,7690.95,40875.08,18286.77,126579.59,Fuel,1,0,0,0,1,1,7,12,0,1,2
6.39842E+15,240000,34399.86,35870.2,44716.87,71643.86,12538.94,199169.73,"Premium, All_Purpose",1,0,1,0,1,0,7,12,0,1,2
6.6491E+15,10000,1557.59,1481.15,1582.25,2820.54,975.46,8416.99,"Premium, All_Purpose, Fuel",0,1,0,1,0,1,13,14,5,10,9
6.27407E+15,240000,36856.36,59252.95,17440.86,48983.11,16302.94,178836.22,All_Purpose,1,0,1,1,1,0,0,1,2,8,7
6.50885E+15,200000,27211.97,19579.65,37220.13,20479.36,15059.58,119550.69,Premium,0,0,1,0,1,0,6,11,3,4,7
6.36379E+15,110000,11642.34,6490.52,6576.65,29775.84,7053.63,61538.98,All_Purpose,0,0,0,0,1,0,6,11,3,4,7
6.46792E+15,170000,31831.37,27056.1,21864.57,32924.52,14949.6,128626.16,Fuel,0,0,0,1,1,1,9,5,13,14,6
6.57231E+15,80000,12236.6,21881.89,15271.81,22109.02,5677.79,77177.11,"Lifestyle, Premium",0,0,0,1,1,0,9,5,6,11,3
6.40085E+15,40000,6858.01,6975.4,2591.82,8401.95,2372.27,27199.45,All_Purpose,0,1,0,1,0,0,13,14,5,10,9
6.43281E+15,60000,13695.27,6106.14,2525.81,5710.9,5822.35,33860.47,"Travel, Fuel",0,0,0,1,0,1,9,13,14,6,11
6.08586E+15,80000,12912.94,20217.57,13767.23,12246.56,6774.47,65918.77,"Lifestyle, Premium, Fuel",0,0,0,1,1,1,9,5,13,14,6
6.63581E+15,200000,39639.52,17579.75,35780.02,39720.16,12824.72,145544.17,Premium,0,0,0,1,1,0,9,5,6,11,3
6.14667E+15,300000,35754.01,72416.01,9000.59,51493.34,22837.65,191501.6,All_Purpose,1,0,1,0,1,0,7,12,0,1,2
6.16569E+15,30000,7378.85,3195.94,2451.41,4406.02,1845.62,19277.84,Travel,0,1,0,1,0,0,13,14,5,10,9
6.67704E+15,160000,33504.28,46673.82,10900.78,36139.26,13935.17,141153.31,"Travel, Lifestyle, Fuel",0,0,1,1,1,1,9,5,13,14,6
6.6342E+15,300000,49018.31,37719.82,25590.05,71033.01,27251.69,210612.88,Fuel,1,0,1,1,1,1,0,1,2,8,7
6.12406E+15,250000,38910.29,68871.26,41784.47,74167.21,21928.1,245661.33,"Lifestyle, Premium, All_Purpose, Fuel",1,0,1,1,1,1,0,1,2,8,7
6.4417E+15,30000,5657.87,6457.61,1300.12,5993.68,2563.98,21973.26,Fuel,0,0,0,1,0,1,9,13,14,6,11
6.96676E+15,250000,54273.69,48985.8,47969.43,22333.23,15816.58,189378.73,"Travel, Premium",1,0,1,1,1,0,0,1,2,8,7
6.7464E+15,290000,41900.36,66295.75,46118.96,29740.52,21950.89,206006.48,Premium,1,0,1,0,1,0,7,12,0,1,2
6.85265E+15,180000,27970.58,50981.62,30721.69,42009.49,15428.94,167112.32,"Lifestyle, Premium, Fuel",0,0,1,1,1,1,9,5,13,14,6
6.05605E+15,140000,33340.88,31310.84,21549.75,37740.08,8918.5,132860.05,"Travel, Premium",0,0,1,1,1,0,9,5,6,11,3
6.11028E+15,180000,23271.5,24540.39,15669.68,53149.61,16708.84,133340.02,"All_Purpose, Fuel",0,0,1,0,1,1,6,11,3,4,7
6.21784E+15,20000,3686.22,5735.45,2287.28,3274.28,1163.04,16146.27,Lifestyle,0,1,0,1,0,0,13,14,5,10,9
6.46974E+15,220000,46236.65,32139.53,7542.23,58207.47,11125.6,155251.48,Travel,1,0,0,1,1,0,0,1,2,8,7
6.80426E+15,30000,7366.16,4782.46,2098.36,7052.15,2725.69,24024.82,"Travel, Fuel",0,1,0,1,0,1,13,14,5,10,9
6.28945E+15,160000,39208.85,10066.75,18530.44,38089.58,14901.12,120796.74,"Travel, Fuel",0,0,0,1,1,1,9,5,13,14,6
6.63526E+15,290000,53042.76,43250.14,15193.55,78405.87,16780.46,206672.78,All_Purpose,1,0,0,1,1,0,0,1,2,8,7
6.54729E+15,90000,12915.61,24106.82,12992.36,22974.29,5627.11,78616.19,Lifestyle,0,0,1,0,1,0,6,11,3,4,7
6.56343E+15,40000,8996.98,11060.87,1282.67,9131.38,2103.67,32575.57,"Travel, Lifestyle",0,0,0,1,1,0,9,5,6,11,3
6.60937E+15,10000,1431.45,1266.94,900.03,2166.84,667.02,6432.28,All_Purpose,0,1,0,0,0,0,10,3,4,6,11
6.35192E+15,40000,6427.16,2683.53,6529.57,5714.67,2865.53,24220.46,Premium,0,1,0,1,0,0,13,14,5,10,9
6.57912E+15,10000,1498.68,641.46,935.67,2877.79,820.87,6774.47,"All_Purpose, Fuel",0,1,0,0,0,1,10,13,14,3,4
6.38275E+15,140000,27277.93,13964.72,14156.35,34328.95,7709.61,97437.56,All_Purpose,0,0,0,1,1,0,9,5,6,11,3
6.80051E+15,210000,29704.05,33180.99,41299.16,19918.62,15946.36,140049.18,Premium,1,0,1,0,1,0,7,12,0,1,2
6.50891E+15,160000,39296.24,12532.14,15777.95,38773.55,13636.44,120016.32,"Travel, Fuel",0,0,0,1,1,1,9,5,13,14,6
6.86914E+15,200000,31928.37,23213.81,12981.32,37253.75,12685.34,118062.59,All_Purpose,0,0,1,1,1,0,9,5,6,11,3
6.13293E+15,240000,47643.22,70112.24,31828.4,23264.52,12907,185755.38,Lifestyle,1,0,1,1,1,0,0,1,2,8,7
6.12932E+15,80000,11567.49,5841.34,10547.01,17376.22,6594.02,51926.08,Fuel,0,0,0,0,1,1,6,11,3,4,7
6.40702E+15,70000,7158.66,20387.77,5085.63,16010.8,5973.2,54616.06,"Lifestyle, Fuel",0,0,0,0,1,1,6,11,3,4,7
6.18098E+15,30000,4408.08,3533.22,3948.11,8116.23,2920.1,22925.74,Fuel,0,0,0,0,0,1,6,11,9,10,12
6.00779E+15,170000,20948.13,48651.29,26385.87,46623.97,10222.38,152831.64,"Lifestyle, Premium",0,0,0,0,1,0,6,11,3,4,7
6.9183E+15,10000,2051.71,2200.28,993.86,833.87,791.46,6871.18,Travel,0,1,0,1,0,0,13,14,5,10,9
6.66754E+15,160000,26806.1,46303.24,15653.76,42361.02,9508.32,140632.44,Lifestyle,0,0,1,1,1,0,9,5,6,11,3
6.59591E+15,120000,29586.13,9056.79,3769.73,21046.59,6555.75,70014.99,Travel,0,0,0,1,1,0,9,5,6,11,3
6.38659E+15,270000,64039.22,42796.42,19974.86,47403.56,23266.55,197480.61,"Travel, Fuel",1,0,0,1,1,1,0,1,2,8,7
6.40314E+15,190000,35799.44,38631.36,26297.33,25316.52,16283.5,142328.15,Fuel,0,0,0,1,1,1,9,5,13,14,6
6.94115E+15,220000,28575.92,59260.85,34228.25,18265.28,13732.14,154062.44,"Lifestyle, Premium",1,0,1,0,1,0,7,12,0,1,2
6.7798E+15,230000,32342.82,25734.69,9344.78,41622.39,19926.43,128971.11,Fuel,1,0,1,0,1,1,7,12,0,1,2
6.8632E+15,220000,44204.77,15463.2,42185.75,58183,19855.99,179892.71,"Travel, Premium, Fuel",1,0,1,1,1,1,0,1,2,8,7
6.0434E+15,140000,33586.92,26048.89,8966.71,30196.94,12200.17,110999.63,"Travel, Fuel",0,0,1,1,1,1,9,5,13,14,6
6.03446E+15,300000,53465.21,20134.4,27926.76,84770.6,23766.73,210063.7,All_Purpose,1,0,1,1,1,0,0,1,2,8,7
6.5821E+15,60000,8419.68,8526.73,10932.53,13597.31,5362.16,46838.41,"Premium, Fuel",0,0,0,0,1,1,6,11,3,4,7
6.76565E+15,60000,12349.15,9414.02,6313.96,13371.05,5808.84,47257.02,"Travel, Fuel",0,0,0,1,1,1,9,5,13,14,6
6.12424E+15,130000,29082.49,16002.45,13710.62,11026.72,8456.8,78279.08,Travel,0,0,1,1,1,0,9,5,6,11,3
6.05696E+15,190000,20601.02,32827.05,35645.67,19605.44,16762.19,125441.37,"Premium, Fuel",0,0,0,0,1,1,6,11,3,4,7
6.71555E+15,220000,43620.73,25313.01,12565.01,25366.39,11775.41,118640.55,All_Purpose,1,0,1,1,1,0,0,1,2,8,7
6.05307E+15,80000,15970.63,21633.81,13472.11,18458.36,4441.73,73976.64,"Lifestyle, Premium",0,0,0,1,1,0,9,5,6,11,3
6.54233E+15,270000,39547.18,30372.09,31738.76,53411.9,18317.96,173387.89,All_Purpose,1,0,1,0,1,0,7,12,0,1,2
6.39378E+15,270000,60556.5,66777.27,22227.83,75879.03,26363,251803.63,"Travel, All_Purpose, Fuel",1,0,0,1,1,1,0,1,2,8,7
6.56353E+15,20000,3063.27,3528.17,3799.81,5455.81,1102.57,16949.63,Premium,0,1,0,1,0,0,13,14,5,10,9
6.32745E+15,210000,38431.19,36914.45,13220.91,56477.33,17607.88,162651.76,Fuel,1,0,0,1,1,1,0,1,2,8,7
6.0073E+15,300000,68644.39,71126.69,31399.74,64296.09,17405.48,252872.39,Travel,1,0,1,1,1,0,0,1,2,8,7
6.71953E+15,10000,1268.88,2234.87,690.32,1058.61,582.64,5835.32,All_Purpose,0,1,0,0,0,0,10,3,4,6,11
6.46049E+15,280000,58187.06,65268.07,32910.83,32339.95,15169.76,203875.67,Travel,1,0,0,1,1,0,0,1,2,8,7
6.18872E+15,150000,18729.33,40907.08,10659.19,23690.95,8290.09,102276.64,Lifestyle,0,0,1,0,1,0,6,11,3,4,7
6.21173E+15,10000,1778.84,2019.38,717.1,927.01,695.52,6137.85,All_Purpose,0,0,0,1,0,0,9,6,11,0,1
6.9277E+15,50000,6646.65,14498.29,6738.55,10125.66,3539.44,41548.59,Lifestyle,0,0,0,0,1,0,6,11,3,4,7
6.58708E+15,280000,50718.01,62750.09,41822.15,32976.34,21001.58,209268.17,All_Purpose,1,0,1,1,1,0,0,1,2,8,7
6.30264E+15,290000,66867.92,60277.87,34952.45,30562.18,23281.75,215942.17,"Travel, Fuel",1,0,1,1,1,1,0,1,2,8,7
6.82814E+15,160000,24092.96,13713.68,23624.4,20060.07,11134.87,92625.98,All_Purpose,0,0,0,1,1,0,9,5,6,11,3
6.27938E+15,190000,24823.02,33620.74,19242.47,15957.58,17031.2,110675.01,Fuel,0,0,1,0,1,1,6,11,3,4,7
6.55426E+15,40000,6845.53,7606.78,5473.3,9259.96,2506.54,31692.11,All_Purpose,0,1,0,1,0,0,13,14,5,10,9
6.89054E+15,30000,6255.5,5517.42,5164.2,7821.16,2764.99,27523.27,"Travel, Premium, Fuel",0,1,0,1,0,1,13,14,5,10,9
6.96941E+15,170000,25507.52,42141.22,18142.4,20460.74,15767.28,122019.16,Fuel,0,0,0,1,1,1,9,5,13,14,6
6.78525E+15,170000,28890.9,11717.24,16308.17,43652.31,16165.08,116733.7,Fuel,0,0,0,1,1,1,9,5,13,14,6
6.67165E+15,120000,13205.53,32320.51,11543.86,23902.49,11808.39,92780.78,"Lifestyle, Fuel",0,0,0,0,1,1,6,11,3,4,7
6.94091E+15,280000,55229.36,19187.38,26272.32,71914.98,20068.61,192672.65,All_Purpose,1,0,0,1,1,0,0,1,2,8,7
6.90625E+15,300000,55157.67,39087.16,20225.68,47134.36,20588,182192.87,All_Purpose,1,0,1,1,1,0,0,1,2,8,7
6.03447E+15,290000,45076.48,48157.29,44330.97,65099.34,24777.1,227441.18,"Premium, Fuel",1,0,1,1,1,1,0,1,2,8,7
6.8018E+15,140000,18571.02,30158.95,15718.95,11363.66,12631.46,88444.04,Fuel,0,0,1,0,1,1,6,11,3,4,7
6.70113E+15,210000,38275.2,13989.32,33664.59,43767.57,18710.58,148407.26,"Premium, Fuel",1,0,0,1,1,1,0,1,2,8,7
6.08588E+15,60000,13227.02,10770.12,3231.31,13659.28,4861.42,45749.15,"Travel, Fuel",0,0,0,1,1,1,9,5,13,14,6
6.89153E+15,30000,3764.46,2962.31,5441.09,7349.85,2862.34,22380.05,"Premium, Fuel",0,1,0,0,0,1,10,13,14,3,4
6.80447E+15,280000,53080.52,59789.29,50722.49,58054.5,22853.48,244500.28,"Premium, Fuel",1,0,1,1,1,1,0,1,2,8,7
6.8402E+15,90000,15397.94,20618.94,6845.42,11204.63,5912.22,59979.15,All_Purpose,0,0,0,1,1,0,9,5,6,11,3
6.11689E+15,50000,6611.84,7810.64,9216.63,9577.66,2969.8,36186.57,Premium,0,0,0,0,0,0,6,11,9,10,12
6.63497E+15,240000,49061.62,34967.93,40730.7,54022.17,21554.9,200337.32,"Travel, Premium, Fuel",1,0,0,1,1,1,0,1,2,8,7
6.7682E+15,290000,59117.61,33644.49,54996.08,63800.68,19205.42,230764.28,"Travel, Premium",1,0,1,1,1,0,0,1,2,8,7
6.78714E+15,170000,21868.63,38022.24,11420.88,35864.34,10749.4,117925.49,All_Purpose,0,0,1,0,1,0,6,11,3,4,7
6.65024E+15,140000,31113.73,34230.88,22308.26,16981.85,7618.69,112253.41,"Travel, Premium",0,0,1,1,1,0,9,5,6,11,3
6.65265E+15,210000,32602.94,33198.18,7412.02,28792.43,10853.6,112859.17,All_Purpose,1,0,1,1,1,0,0,1,2,8,7
6.57198E+15,30000,4095.29,5680.03,1098.79,6801.19,1984.54,19659.84,All_Purpose,0,0,0,0,0,0,6,11,9,10,12
6.41892E+15,280000,65300.96,36770.34,51285.74,83763.31,25555.82,262676.17,"Travel, Premium, All_Purpose, Fuel",1,0,1,1,1,1,0,1,2,8,7
6.74016E+15,10000,1373.51,1941.76,414.34,1008.82,999.45,5737.88,Fuel,0,0,0,0,0,1,6,11,9,10,12
6.12156E+15,200000,42389.95,50267.36,35126.74,59817.24,12398.71,200000,"Travel, Lifestyle, Premium, All_Purpose",0,0,1,1,1,0,9,5,6,11,3
6.34282E+15,290000,46886.83,23930.85,9805.6,46195.23,25864.2,152682.71,Fuel,1,0,1,1,1,1,0,1,2,8,7
6.45789E+15,210000,30852.51,44852.96,14583.05,17464.42,18525.71,126278.65,Fuel,1,0,1,0,1,1,7,12,0,1,2
6.76175E+15,230000,49299.44,13738.94,39631.38,49748.03,17979.05,170396.84,"Travel, Premium",1,0,0,1,1,0,0,1,2,8,7
6.60986E+15,10000,2296.65,1967.34,1287.62,2979.49,878.37,9409.47,"Travel, All_Purpose, Fuel",0,0,0,1,0,1,9,13,14,6,11
6.02466E+15,30000,6183.29,4419.23,2067.26,6339.22,2892.27,21901.27,"Travel, Fuel",0,1,0,1,0,1,13,14,5,10,9
6.62399E+15,180000,27231.44,32745.49,11876.06,53826.99,17830.06,143510.04,"All_Purpose, Fuel",0,0,1,1,1,1,9,5,13,14,6
6.78678E+15,250000,55165.53,57193.76,32709.22,22934.14,18184.55,186187.2,Travel,1,0,1,1,1,0,0,1,2,8,7
6.4988E+15,100000,20162.97,14328.07,19008.76,11681.85,7501.8,72683.45,"Travel, Premium",0,0,0,1,1,0,9,5,6,11,3
6.64053E+15,220000,45005.48,46675.14,16895.78,25160.4,17995.34,151732.14,"Travel, Fuel",1,0,0,1,1,1,0,1,2,8,7
6.7538E+15,260000,53500.43,42586.18,37315.02,68697.4,15206.47,217305.5,Travel,1,0,1,1,1,0,0,1,2,8,7
6.8058E+15,30000,6505.96,6072.73,4468.16,7931.82,2704.22,27682.89,"Travel, Fuel",0,1,0,1,0,1,13,14,5,10,9
6.6453E+15,80000,14431.22,13769.91,7865.67,9104.96,6290.43,51462.19,All_Purpose,0,0,0,1,1,0,9,5,6,11,3
6.10119E+15,140000,33347.46,27411.68,18309.6,22131.68,7363.93,108564.35,Travel,0,0,0,1,1,0,9,5,6,11,3
6.90076E+15,240000,39240.07,17073.92,31959.36,65715.37,22594.98,176583.7,Fuel,1,0,1,1,1,1,0,1,2,8,7
6.37861E+15,180000,23703.26,47834.86,32514.46,22187.48,15636.83,141876.89,"Lifestyle, Premium, Fuel",0,0,1,0,1,1,6,11,3,4,7
6.80598E+15,150000,33059.41,44896.42,5265.66,41613.07,12169.73,137004.29,"Travel, Lifestyle, Fuel",0,0,1,1,1,1,9,5,13,14,6
6.33831E+15,220000,49963.8,14431.67,19139.44,20843.6,21728.77,126107.28,"Travel, Fuel",1,0,0,1,1,1,0,1,2,8,7
6.71404E+15,230000,52412.89,65433,10227.55,37911.24,12316.9,178301.58,"Travel, Lifestyle",1,0,1,1,1,0,0,1,2,8,7
6.27981E+15,20000,2688.1,3345.54,1513.11,2044.3,1167.49,10758.54,All_Purpose,0,1,0,0,0,0,10,3,4,6,11
6.10943E+15,270000,66194.34,43182.48,20877.11,69018.62,17904.43,217176.98,Travel,1,0,0,1,1,0,0,1,2,8,7
6.07023E+15,100000,13487.59,8241.97,7359.87,15817.03,8369.97,53276.43,Fuel,0,0,0,0,1,1,6,11,3,4,7
6.33369E+15,20000,2631.52,5045.12,1099.53,3107.64,1864.66,13748.47,"Lifestyle, Fuel",0,0,0,0,0,1,6,11,9,10,12
6.04592E+15,260000,29226.74,44494.97,21166.94,53026.96,23449.46,171365.07,Fuel,1,0,1,0,1,1,7,12,0,1,2
6.76278E+15,170000,31807.83,29984.12,9263.88,36937.54,10825.94,118819.31,All_Purpose,0,0,0,1,1,0,9,5,6,11,3
6.51976E+15,80000,8987.27,13191.68,6567.9,20873.91,4227.91,53848.67,All_Purpose,0,0,0,0,1,0,6,11,3,4,7
6.37554E+15,10000,1687.65,2312.52,1276.29,2267.87,888.52,8432.85,Fuel,0,1,0,1,0,1,13,14,5,10,9
6.13477E+15,90000,13237.32,16605.51,15553.65,26791.13,8502.84,80690.45,"Premium, All_Purpose, Fuel",0,0,0,0,1,1,6,11,3,4,7
6.63862E+15,110000,14220.25,18958.29,17168.7,20720.17,8157.49,79224.9,Premium,0,0,1,0,1,0,6,11,3,4,7
6.46976E+15,220000,33926.32,58288.71,21814.5,33486.48,15993.89,163509.9,Lifestyle,1,0,1,1,1,0,0,1,2,8,7
6.00808E+15,160000,20714.06,46057.79,9573.37,32784,12634.52,121763.74,Lifestyle,0,0,0,0,1,0,6,11,3,4,7
6.90808E+15,70000,13769.83,7521.97,8676.68,11331.47,5815.84,47115.79,Fuel,0,0,0,1,0,1,9,13,14,6,11
6.50455E+15,290000,53833.17,27932.1,22437.1,37153.69,17151.15,158507.21,All_Purpose,1,0,1,1,1,0,0,1,2,8,7
6.67378E+15,100000,14285.61,28178.09,19488.75,20567.73,5715.01,88235.19,"Lifestyle, Premium",0,0,0,0,1,0,6,11,3,4,7
6.51566E+15,230000,50521.76,32624.97,10302.37,46573.32,21218.89,161241.31,"Travel, Fuel",1,0,1,1,1,1,0,1,2,8,7
6.6486E+15,260000,32829.8,56729.7,17546.29,33281.47,24362.93,164750.19,Fuel,1,0,1,0,1,1,7,12,0,1,2
6.3989E+15,30000,4184.61,1504.9,5340.41,7631.13,2440.99,21102.04,"Premium, Fuel",0,1,0,0,0,1,10,13,14,3,4
6.44854E+15,180000,22105.31,29624.56,16147.31,18113.55,13375.17,99365.9,All_Purpose,0,0,1,0,1,0,6,11,3,4,7
6.94959E+15,250000,26502.22,30716.31,16320.49,33098.07,23855.43,130492.52,Fuel,1,0,1,0,1,1,7,12,0,1,2
6.88353E+15,240000,40786.78,57634.54,13503.28,44927.61,17159.82,174012.03,All_Purpose,1,0,0,1,1,0,0,1,2,8,7
6.13176E+15,130000,32491.38,31507.09,12692.83,34068.02,7609.6,118368.92,Travel,0,0,1,1,1,0,9,5,6,11,3
6.50444E+15,280000,36586.83,37828.81,32703.64,60291.96,26748.48,194159.72,Fuel,1,0,0,0,1,1,7,12,0,1,2
6.14812E+15,260000,45549.75,16265.8,9343.09,52326.35,18696.32,142181.31,All_Purpose,1,0,1,1,1,0,0,1,2,8,7
6.92126E+15,70000,8687.14,3937,7443.56,9257.17,3673.65,32998.52,All_Purpose,0,0,0,0,0,0,6,11,9,10,12
6.99935E+15,250000,29184.74,50519.97,19444.61,29542.28,17246.89,145938.49,All_Purpose,1,0,1,0,1,0,7,12,0,1,2
6.46054E+15,40000,6352.56,9507.7,2053.31,10000.39,2473.87,30387.83,All_Purpose,0,0,0,1,0,0,9,6,11,0,1
6.2823E+15,130000,24032.74,36697.2,12459.83,12292.32,6624.51,92106.6,Lifestyle,0,0,1,1,1,0,9,5,6,11,3
6.10165E+15,200000,35742.07,48762.2,13970.47,31183.68,10301.04,139959.46,All_Purpose,0,0,1,1,1,0,9,5,6,11,3
6.82672E+15,10000,2001.8,2833.01,751.34,2145.22,839.25,8570.62,"Travel, Lifestyle, Fuel",0,1,0,1,0,1,13,14,5,10,9
6.7831E+15,80000,18160.96,22922.6,14421.05,19390.13,5105.26,80000,"Travel, Lifestyle, Premium",0,0,0,1,1,0,9,5,6,11,3
6.93758E+15,140000,14215.97,32061.75,21008.66,30378.84,13930.76,111595.98,"Premium, Fuel",0,0,1,0,1,1,6,11,3,4,7
6.70276E+15,160000,24159.32,11157.58,16844.11,21988.91,10747.09,84897.01,All_Purpose,0,0,0,1,1,0,9,5,6,11,3
6.26447E+15,140000,33645.17,13500.66,13065.71,39801.82,7432.66,107446.02,"Travel, All_Purpose",0,0,0,1,1,0,9,5,6,11,3
6.97981E+15,120000,14930.24,23856.39,6669.63,35157.22,8680.29,89293.77,All_Purpose,0,0,1,0,1,0,6,11,3,4,7
6.18916E+15,190000,26029.77,31870.61,27079.81,46599.2,16661.75,148241.14,Fuel,0,0,0,0,1,1,6,11,3,4,7
6.82881E+15,230000,54200.41,58500.95,36500.58,21213.64,11579.1,181994.68,"Travel, Lifestyle, Premium",1,0,1,1,1,0,0,1,2,8,7
6.65128E+15,150000,29929.28,22919.91,14761.36,41191.37,14216.72,123018.64,Fuel,0,0,1,1,1,1,9,5,13,14,6
6.47922E+15,280000,57024.34,33014.32,17473.03,33773.36,18789.51,160074.56,Travel,1,0,0,1,1,0,0,1,2,8,7
6.40084E+15,20000,4492.85,1599.46,3098.75,3938.4,1287.95,14417.41,"Travel, Premium",0,1,0,1,0,0,13,14,5,10,9
6.06984E+15,20000,2899.83,3980.41,2075.07,2323.38,1116.58,12395.27,All_Purpose,0,1,0,0,0,0,10,3,4,6,11
6.29339E+15,230000,54133.25,31277.57,35560.3,51728.26,22212.88,194912.26,"Travel, Premium, Fuel",1,0,0,1,1,1,0,1,2,8,7
6.23965E+15,220000,43682.01,60411.26,21542,33416.86,11118.92,170171.05,Lifestyle,1,0,1,1,1,0,0,1,2,8,7
6.7091E+15,190000,41827.95,14461.59,24332.49,34594.43,10627.74,125844.2,Travel,0,0,0,1,1,0,9,5,6,11,3
6.48391E+15,250000,33051.1,16702.14,32781.01,60637.67,12905.54,156077.46,All_Purpose,1,0,1,0,1,0,7,12,0,1,2
6.41093E+15,260000,46759.38,19712.23,15425.56,53288.13,16852.65,152037.95,All_Purpose,1,0,0,1,1,0,0,1,2,8,7
6.84215E+15,300000,66843.31,88767.54,22243.21,88001.76,21468.51,287324.33,"Travel, Lifestyle, All_Purpose",1,0,1,1,1,0,0,1,2,8,7
6.32593E+15,290000,31190.2,18325.48,42816.15,52415.87,17784.56,162532.26,All_Purpose,1,0,1,0,1,0,7,12,0,1,2
6.92351E+15,220000,30344.32,42769.75,20034.41,57459.93,20027.66,170636.07,Fuel,1,0,1,0,1,1,7,12,0,1,2
6.3379E+15,260000,40139.83,65371.44,22305.53,32758.2,14100.95,174675.95,Lifestyle,1,0,0,1,1,0,0,1,2,8,7
6.28061E+15,260000,44803.15,67659.07,17578.75,42592.7,23509.27,196142.94,"Lifestyle, Fuel",1,0,1,1,1,1,0,1,2,8,7
6.61994E+15,220000,34692.17,36251.82,17942.89,62735.66,12305.08,163927.62,All_Purpose,1,0,0,1,1,0,0,1,2,8,7
6.46044E+15,170000,34438.59,31091.82,6043.85,31387.3,11965.86,114927.42,Travel,0,0,1,1,1,0,9,5,6,11,3
6.06322E+15,200000,39692.29,58557.55,25114.42,47449.14,10684.5,181497.9,Lifestyle,0,0,0,1,1,0,9,5,6,11,3
6.9583E+15,100000,11745.38,20319.9,18954.2,22559.11,5384.02,78962.61,Premium,0,0,1,0,1,0,6,11,3,4,7
6.82746E+15,60000,10955.97,9048.12,10303.17,15553.66,4835.49,50696.41,"Premium, Fuel",0,0,0,1,1,1,9,5,13,14,6
6.32716E+15,150000,20745.07,11470.29,13549.89,25634.69,12568.67,83968.61,Fuel,0,0,0,0,1,1,6,11,3,4,7
6.83204E+15,220000,24313.57,32739.26,13398.53,25189.73,20100.32,115741.41,Fuel,1,0,1,0,1,1,7,12,0,1,2
6.86542E+15,110000,17916.52,10125.6,19743.48,22280.38,6772.59,76838.57,Premium,0,0,0,1,1,0,9,5,6,11,3
6.71407E+15,280000,58722.43,81068.26,18893.23,76988.8,27080.26,262752.98,"Travel, Lifestyle, Fuel",1,0,0,1,1,1,0,1,2,8,7
6.16357E+15,50000,9765.61,10372.76,4927.29,12276.38,3828.24,41170.28,All_Purpose,0,0,0,1,1,0,9,5,6,11,3
6.24577E+15,10000,1642.69,2328.74,1701.6,1122.16,916.46,7711.65,"Premium, Fuel",0,1,0,1,0,1,13,14,5,10,9
6.64714E+15,80000,18135.99,12626.03,7554.95,22505.07,5004.68,65826.72,"Travel, All_Purpose",0,0,0,1,1,0,9,5,6,11,3
6.43923E+15,210000,36246.65,37490.01,17312.32,43274.55,13914.72,148238.25,All_Purpose,1,0,1,1,1,0,0,1,2,8,7
6.70716E+15,280000,39423.94,14446.53,54969.69,81890.03,19532.17,210262.36,"Premium, All_Purpose",1,0,0,0,1,0,7,12,0,1,2
6.6239E+15,120000,18224.51,26132.79,20030.77,34594.36,8401.27,107383.7,"Premium, All_Purpose",0,0,1,1,1,0,9,5,6,11,3
6.48427E+15,120000,16786.71,35709.97,4125.7,25533.16,9957.04,92112.58,"Lifestyle, Fuel",0,0,1,0,1,1,6,11,3,4,7
6.19901E+15,50000,12038.97,4764.79,6793.4,6449.44,3268.04,33314.64,Travel,0,0,0,1,0,0,9,6,11,0,1
6.28456E+15,70000,11380.53,6303.95,4134.14,12039.43,6150.49,40008.54,Fuel,0,0,0,1,0,1,9,13,14,6,11
6.59863E+15,40000,4504.77,5931.04,1881.67,3346.01,3323.44,18986.93,Fuel,0,0,0,0,0,1,6,11,9,10,12
6.41557E+15,60000,7467.17,6507.19,2041.82,15821.3,5924.07,37761.55,Fuel,0,0,0,0,1,1,6,11,3,4,7
6.44562E+15,130000,17513.77,34723.31,24374.85,22401.34,6829.05,105842.32,"Lifestyle, Premium",0,0,1,0,1,0,6,11,3,4,7
6.34021E+15,200000,37218.5,29644.76,6974.18,41663.11,10113.03,125613.58,All_Purpose,0,0,1,1,1,0,9,5,6,11,3
6.16988E+15,300000,43789.48,18019.35,39005.96,50247.17,29607.01,180668.97,Fuel,1,0,0,0,1,1,7,12,0,1,2
6.05242E+15,150000,21192.88,34103.96,11423.05,41840.03,10310.41,118870.33,All_Purpose,0,0,1,0,1,0,6,11,3,4,7
6.08957E+15,30000,3227.58,4695.91,5145.05,7717.28,1836.48,22622.3,Premium,0,1,0,0,0,0,10,3,4,6,11
6.40494E+15,230000,51197.03,64997.91,10628.61,41172.97,15380.72,183377.24,"Travel, Lifestyle",1,0,1,1,1,0,0,1,2,8,7
6.54222E+15,80000,9002.3,8222.52,12633.57,7302.77,5970.14,43131.3,Premium,0,0,0,0,0,0,6,11,9,10,12
6.22897E+15,200000,30032.04,29728.62,24017.98,23100.16,15719.96,122598.76,All_Purpose,0,0,1,1,1,0,9,5,6,11,3
6.15347E+15,160000,34243.86,14156,8859.59,22239.74,10888.6,90387.79,Travel,0,0,0,1,1,0,9,5,6,11,3
6.27548E+15,130000,26254.1,8342.11,4666.27,21608.64,11031.56,71902.68,"Travel, Fuel",0,0,0,1,1,1,9,5,13,14,6
6.24508E+15,180000,35320.62,20692.27,32514.23,49869.32,11675.58,150072.02,Premium,0,0,0,1,1,0,9,5,6,11,3
6.17758E+15,280000,45274.77,30837.21,40405.47,73285.58,23423.29,213226.32,Fuel,1,0,0,1,1,1,0,1,2,8,7
6.25933E+15,100000,15954.88,8907.92,15545.17,15930.44,8356.35,64694.76,"Premium, Fuel",0,0,0,1,1,1,9,5,13,14,6
6.8903E+15,300000,33655.33,89443.63,16966.28,89235.79,29659.2,258960.23,"Lifestyle, All_Purpose, Fuel",1,0,1,0,1,1,7,12,0,1,2
6.43236E+15,190000,43683.89,23248.38,20806.1,41090.5,13406.31,142235.18,Travel,0,0,1,1,1,0,9,5,6,11,3
6.5723E+15,170000,31387.91,44649.42,10924.17,48547.8,14357.25,149866.55,"Lifestyle, All_Purpose, Fuel",0,0,0,1,1,1,9,5,13,14,6
6.38359E+15,240000,44022.86,58771,7860.98,62410.49,12481.67,185547,All_Purpose,1,0,1,1,1,0,0,1,2,8,7
6.42121E+15,190000,47270.94,23468.2,12493.29,47192.19,11903.75,142328.37,Travel,0,0,0,1,1,0,9,5,6,11,3
6.91484E+15,280000,32319.39,22816.86,55007.61,63908.48,25856.42,199908.76,"Premium, Fuel",1,0,0,0,1,1,7,12,0,1,2
6.85335E+15,260000,52382.87,51625.72,34459.24,59840.86,20479.67,218788.36,Travel,1,0,0,1,1,0,0,1,2,8,7
6.46102E+15,230000,32519.33,55693.43,15747.25,53433.13,14183.33,171576.47,All_Purpose,1,0,1,0,1,0,7,12,0,1,2
6.37144E+15,260000,55136.05,27216.4,10449.49,28291.7,20877.96,141971.6,"Travel, Fuel",1,0,0,1,1,1,0,1,2,8,7
6.02381E+15,50000,5337.48,11676.89,4401.21,9263.81,4822.15,35501.54,Fuel,0,0,0,0,1,1,6,11,3,4,7
6.51043E+15,260000,44148.14,13889.36,11406.66,35591.44,13362.08,118397.68,All_Purpose,1,0,0,1,1,0,0,1,2,8,7
6.58527E+15,210000,34431.55,39277.62,12534.9,30472.06,17470.16,134186.29,Fuel,1,0,0,1,1,1,0,1,2,8,7
6.61056E+15,300000,32268.75,81778.82,38420.94,61218.69,22504.18,236191.38,Lifestyle,1,0,1,0,1,0,7,12,0,1,2
6.34045E+15,230000,43731.46,31105.12,42765.18,38973.48,13147.74,169722.98,Premium,1,0,1,1,1,0,0,1,2,8,7
6.12385E+15,90000,16093.85,20201.24,16474.04,22885.39,7543.62,83198.14,"Premium, Fuel",0,0,1,1,1,1,9,5,13,14,6
6.56049E+15,120000,29026.64,14874.72,3622.69,16779.6,7307.35,71611,Travel,0,0,0,1,1,0,9,5,6,11,3
6.31218E+15,210000,40961.92,41656.72,6879.89,50469.55,13897.07,153865.15,All_Purpose,1,0,1,1,1,0,0,1,2,8,7
6.02851E+15,10000,1834.87,1356.83,528.78,1007.72,915.76,5643.96,Fuel,0,1,0,1,0,1,13,14,5,10,9
6.56666E+15,260000,51341.73,19723.22,25569.6,62495.32,23137.67,182267.54,Fuel,1,0,1,1,1,1,0,1,2,8,7
6.28549E+15,260000,53773.34,36178.75,19048.07,21537.74,20023.89,150561.79,Travel,1,0,1,1,1,0,0,1,2,8,7
6.6499E+15,10000,2436.45,1914.36,1174.58,987.12,774.44,7286.95,Travel,0,1,0,1,0,0,13,14,5,10,9
6.48306E+15,150000,28660.54,22077.24,10627.63,15133.85,9861.89,86361.15,All_Purpose,0,0,1,1,1,0,9,5,6,11,3
6.45122E+15,20000,2530.69,5936.68,2109.95,3940.24,1873.62,16391.18,"Lifestyle, Fuel",0,1,0,0,0,1,10,13,14,3,4
6.40419E+15,300000,56222.15,75935.54,25673.99,44179.1,21040.56,223051.34,Lifestyle,1,0,1,1,1,0,0,1,2,8,7
6.02403E+15,220000,44512.33,28338.17,11582.05,48207.98,12411.58,145052.11,Travel,1,0,1,1,1,0,0,1,2,8,7
6.45343E+15,160000,32642.13,36024.46,25294.44,43524.65,11999.67,149485.35,"Travel, Premium",0,0,0,1,1,0,9,5,6,11,3
6.74734E+15,250000,48218.98,24165,8591.81,35649.78,18037.92,134663.49,All_Purpose,1,0,0,1,1,0,0,1,2,8,7
6.67301E+15,80000,18199.51,7924.91,4107.48,23357.25,4432.18,58021.33,"Travel, All_Purpose",0,0,0,1,1,0,9,5,6,11,3
6.30241E+15,130000,24418.49,24094.67,5801.31,12030.97,7185.64,73531.08,All_Purpose,0,0,1,1,1,0,9,5,6,11,3
6.40645E+15,210000,38146.86,22771.39,29068.54,54687.12,10936.58,155610.49,All_Purpose,1,0,1,1,1,0,0,1,2,8,7
6.90259E+15,10000,2033.97,1130.78,823.21,2150,948.97,7086.93,"Travel, Fuel",0,1,0,1,0,1,13,14,5,10,9
6.31512E+15,160000,29995.13,37208.87,14723.17,35361.99,11729.45,129018.61,All_Purpose,0,0,1,1,1,0,9,5,6,11,3
6.88219E+15,290000,53206.21,40500.06,53629.02,24535.6,19078.71,190949.6,Premium,1,0,0,1,1,0,0,1,2,8,7
6.3886E+15,70000,14372.13,9298.66,10140.39,11697.43,6146.89,51655.5,"Travel, Fuel",0,0,0,1,1,1,9,5,13,14,6
6.41499E+15,50000,8092.1,14184.12,3632.47,5324.92,3961.36,35194.97,Lifestyle,0,0,0,1,0,0,9,6,11,0,1
6.39045E+15,220000,34468.69,14412.02,19290.02,42087.09,12781.15,123038.97,All_Purpose,1,0,0,1,1,0,0,1,2,8,7
6.62449E+15,290000,72402.1,47251.11,26188.12,48764.93,16169.62,210775.88,Travel,1,0,0,1,1,0,0,1,2,8,7
6.82864E+15,230000,37311.49,33768.28,32693.89,40766.89,18954.68,163495.23,Fuel,1,0,0,1,1,1,0,1,2,8,7
6.00168E+15,30000,6661.76,8553.78,4208.7,8700.14,1727.15,29851.53,"Travel, Lifestyle, All_Purpose",0,1,0,1,0,0,13,14,5,10,9
6.03917E+15,120000,22471.26,18043.85,10496.92,12948.15,8350.45,72310.63,All_Purpose,0,0,1,1,1,0,9,5,6,11,3
6.47695E+15,260000,54640.26,26574.01,10388.59,52395.34,20737.99,164736.19,Travel,1,0,0,1,1,0,0,1,2,8,7
6.20953E+15,160000,29847.56,21819.23,26641.92,31817.82,8634.24,118760.77,Premium,0,0,1,1,1,0,9,5,6,11,3
6.90387E+15,190000,27445.29,16314.8,10591.69,33289.85,15158.96,102800.59,All_Purpose,0,0,0,0,1,0,6,11,3,4,7
6.59461E+15,50000,12046.76,11939.17,6486.3,13112.83,2700.47,46285.53,Travel,0,0,0,1,1,0,9,5,6,11,3
6.31776E+15,220000,42793.07,56575.91,35901.76,31010.15,21349.68,187630.57,"Lifestyle, Premium, Fuel",1,0,1,1,1,1,0,1,2,8,7
6.50394E+15,250000,57817.51,73183.77,15029.02,59713.63,13003.57,218747.5,"Travel, Lifestyle",1,0,0,1,1,0,0,1,2,8,7
6.80583E+15,290000,51458.32,56596.78,54841.71,66089.59,21478.53,250464.93,Premium,1,0,1,1,1,0,0,1,2,8,7
6.00509E+15,140000,33961.19,7772.32,27584.01,13852.87,12700.71,95871.1,"Travel, Premium, Fuel",0,0,0,1,1,1,9,5,13,14,6
6.64322E+15,280000,33551.55,44789.89,39052.33,45866.63,14763.92,178024.32,All_Purpose,1,0,0,0,1,0,7,12,0,1,2
6.97799E+15,50000,11768.02,7290.19,3338.83,8868.35,2620.91,33886.3,Travel,0,0,0,1,0,0,9,6,11,0,1
6.0843E+15,150000,33592.67,29550.02,13504.12,38392.85,11660.15,126699.81,Travel,0,0,0,1,1,0,9,5,6,11,3
6.6856E+15,170000,33102.2,41837.23,22398.47,29088.88,16642.54,143069.32,Fuel,0,0,1,1,1,1,9,5,13,14,6
6.30965E+15,300000,57229.03,31536.57,40908.19,61726.1,17772.58,209172.47,All_Purpose,1,0,1,1,1,0,0,1,2,8,7
6.50914E+15,140000,26691.55,33729.23,16656.95,18184.6,11665.65,106927.98,Fuel,0,0,0,1,1,1,9,5,13,14,6
6.0506E+15,300000,49882.52,27252.51,18407.41,37351.4,20800.61,153694.45,All_Purpose,1,0,1,1,1,0,0,1,2,8,7
6.03664E+15,200000,31933.8,35585.37,22432.01,32842.5,18391.47,141185.15,Fuel,0,0,1,1,1,1,9,5,13,14,6
6.78938E+15,50000,8792.73,3275.52,2104.82,10312.52,3915.05,28400.64,All_Purpose,0,0,0,1,0,0,9,6,11,0,1
6.64834E+15,120000,22041.73,34793.73,4593.37,12187.4,6264.4,79880.63,Lifestyle,0,0,1,1,1,0,9,5,6,11,3
6.78694E+15,160000,28990.48,33822.89,6039.92,46098.18,14737.32,129688.79,"All_Purpose, Fuel",0,0,1,1,1,1,9,5,13,14,6
6.85704E+15,260000,29010.31,24042.66,13410.94,27851.83,19741.3,114057.04,All_Purpose,1,0,1,0,1,0,7,12,0,1,2
6.81727E+15,260000,64590.71,57480.43,49744.95,28954.23,17967.81,218738.13,"Travel, Premium",1,0,1,1,1,0,0,1,2,8,7
6.36991E+15,160000,17842.19,8167.5,23035.81,35392.05,11286.31,95723.86,All_Purpose,0,0,0,0,1,0,6,11,3,4,7
6.34284E+15,210000,34086.45,11760.26,18272.77,24981.2,11533.45,100634.13,All_Purpose,1,0,0,1,1,0,0,1,2,8,7
6.52934E+15,70000,10311.32,10380.07,4919.4,7093.27,4126.61,36830.67,All_Purpose,0,0,0,0,0,0,6,11,9,10,12
6.40951E+15,40000,8065.27,7469.29,4430.61,11317.42,2145.47,33428.06,"Travel, All_Purpose",0,1,0,1,0,0,13,14,5,10,9
6.88584E+15,10000,1524.91,2456.06,1987.27,1329.48,937.15,8234.87,"Premium, Fuel",0,1,0,1,0,1,13,14,5,10,9
6.46544E+15,300000,47969.97,45725.47,58889.25,35938.87,26987.37,215510.93,"Premium, Fuel",1,0,1,1,1,1,0,1,2,8,7
6.53764E+15,300000,62889.17,46500.83,38496.35,78952.38,27062.48,253901.21,"Travel, Fuel",1,0,1,1,1,1,0,1,2,8,7
6.54459E+15,50000,5447.13,11150.63,2689.89,8574,3871.47,31733.12,All_Purpose,0,0,0,0,0,0,6,11,9,10,12
6.26188E+15,230000,40926.6,68800.26,12187,52578.08,16054.01,190545.95,Lifestyle,1,0,0,1,1,0,0,1,2,8,7
6.04426E+15,260000,32190.73,74702.75,46678.39,72682.8,25889.93,252144.6,"Lifestyle, Premium, Fuel",1,0,0,0,1,1,7,12,0,1,2
6.56506E+15,100000,15331.59,21730.48,11224.64,17204.57,6789.06,72280.34,All_Purpose,0,0,0,1,1,0,9,5,6,11,3
6.4462E+15,220000,40994.58,19880.18,24243.07,44388.03,17273.16,146779.02,All_Purpose,1,0,1,1,1,0,0,1,2,8,7
6.99673E+15,50000,10567.04,2814.99,4516.07,12582.34,3909.73,34390.17,Travel,0,0,0,1,0,0,9,6,11,0,1
6.34118E+15,40000,8169.72,7673.91,6614.46,9668.22,3220.22,35346.53,"Travel, Premium, Fuel",0,1,0,1,0,1,13,14,5,10,9
6.6928E+15,20000,2399.55,2306.67,2024.94,4236.92,1513.71,12481.79,All_Purpose,0,1,0,0,0,0,10,3,4,6,11
6.922E+15,200000,20193.93,34811.96,15711.28,48322.77,10239.46,129279.4,All_Purpose,0,0,0,0,1,0,6,11,3,4,7
6.31169E+15,100000,24122.11,9360.23,11018.04,10011.28,8128.41,62640.07,"Travel, Fuel",0,0,0,1,0,1,9,13,14,6,11
6.54746E+15,260000,46333.7,71277.35,16476.21,22090.69,24201.64,180379.59,"Lifestyle, Fuel",1,0,1,1,1,1,0,1,2,8,7
6.30561E+15,190000,44383.77,37854.9,31868.2,33160.35,16623.67,163890.89,"Travel, Premium, Fuel",0,0,1,1,1,1,9,5,13,14,6
6.34979E+15,260000,48312.8,24751.03,19680.85,32162.47,16209.14,141116.29,All_Purpose,1,0,0,1,1,0,0,1,2,8,7
6.36301E+15,10000,1832.7,1969.98,1025.05,2153.93,540.79,7522.45,All_Purpose,0,0,0,1,0,0,9,6,11,0,1
6.6919E+15,240000,30185.86,43084.65,15930.98,34157.42,16803.75,140162.66,All_Purpose,1,0,0,0,1,0,7,12,0,1,2
6.66673E+15,50000,5103.97,10617.24,7185.45,12785.21,4831.88,40523.75,Fuel,0,0,0,0,1,1,6,11,3,4,7
6.71473E+15,130000,30280.34,21401.85,16377.45,29362.58,10913.93,108336.15,"Travel, Fuel",0,0,0,1,1,1,9,5,13,14,6
6.03235E+15,40000,9981.7,9201.57,3153.1,10941.82,2098.44,35376.63,Travel,0,0,0,1,1,0,9,5,6,11,3
6.50692E+15,160000,37537.26,18247.66,10801.71,17662.01,14872.89,99121.53,"Travel, Fuel",0,0,0,1,1,1,9,5,13,14,6
6.63671E+15,240000,32606.39,57482.43,38208.23,35705.18,16928.19,180930.42,Premium,1,0,1,0,1,0,7,12,0,1,2
6.93234E+15,160000,39437.46,33824.1,30219.59,23479.17,14255.13,141215.45,"Travel, Premium, Fuel",0,0,1,1,1,1,9,5,13,14,6
6.01325E+15,230000,46862.12,67024.24,22288.01,25014.3,19224.65,180413.32,"Travel, Lifestyle, Fuel",1,0,0,1,1,1,0,1,2,8,7
6.29407E+15,20000,3725.18,2034.09,2315.15,2973.63,1427.47,12475.52,All_Purpose,0,0,0,1,0,0,9,6,11,0,1
6.01821E+15,170000,36002.98,18369.55,16813.9,23666.64,10188.37,105041.44,Travel,0,0,1,1,1,0,9,5,6,11,3
6.24155E+15,280000,66188.61,39916.25,44160.88,77654.91,25845.74,253766.39,"Travel, Premium, Fuel",1,0,1,1,1,1,0,1,2,8,7
6.08896E+15,270000,65729.82,38925.66,23671.15,25308.42,20063.34,173698.39,Travel,1,0,0,1,1,0,0,1,2,8,7
6.98143E+15,200000,27456.19,25847.13,33500.09,54521.5,13024.66,154349.57,Premium,0,0,0,0,1,0,6,11,3,4,7
6.23705E+15,240000,51527.43,20801.71,35365.17,69097.27,20190.49,196982.07,"Travel, All_Purpose, Fuel",1,0,1,1,1,1,0,1,2,8,7
6.51403E+15,120000,21010.43,25371.75,14015.64,12766.76,7872.38,81036.96,All_Purpose,0,0,0,1,1,0,9,5,6,11,3
6.1837E+15,180000,41258.29,15178.5,34543.03,27421.38,14960.82,133362.02,"Travel, Premium, Fuel",0,0,0,1,1,1,9,5,13,14,6
6.92053E+15,30000,4408.14,7938.8,1571.6,7053.27,2612.97,23584.78,"Lifestyle, Fuel",0,1,0,0,0,1,10,13,14,3,4
6.21864E+15,280000,38597.22,75113.02,16437.66,25703.9,24044.51,179896.31,"Lifestyle, Fuel",1,0,0,0,1,1,7,12,0,1,2
6.88257E+15,10000,2273.65,1458.49,586.07,2640.17,774.45,7732.83,Travel,0,1,0,1,0,0,13,14,5,10,9
6.62548E+15,10000,2080.58,1777.78,1327.33,1813.98,914.35,7914.02,"Travel, Fuel",0,1,0,1,0,1,13,14,5,10,9
6.12492E+15,290000,59858.41,22141.6,50055.5,66010.63,24606.85,222672.99,"Travel, Premium, Fuel",1,0,1,1,1,1,0,1,2,8,7
6.3049E+15,190000,44059.47,43955.15,9336.67,32245.12,17920.61,147517.02,"Travel, Fuel",0,0,1,1,1,1,9,5,13,14,6
6.76766E+15,110000,26863.37,24176.97,15106.73,15347.53,6868.35,88362.95,Travel,0,0,1,1,1,0,9,5,6,11,3
6.12638E+15,50000,7237.04,12193.82,4841.54,5531.79,2526.79,32330.98,All_Purpose,0,0,0,0,0,0,6,11,9,10,12
6.96093E+15,120000,29564.02,17074.09,10886.72,18684.02,9123.26,85332.11,Travel,0,0,1,1,1,0,9,5,6,11,3
6.62585E+15,30000,6959.62,5291.41,3489.56,3313.25,2974.11,22027.95,"Travel, Fuel",0,1,0,1,0,1,13,14,5,10,9
6.54861E+15,10000,1110.05,2157.87,1312.12,1713.32,711.1,7004.46,All_Purpose,0,1,0,0,0,0,10,3,4,6,11
6.72184E+15,10000,1293.57,2550.63,1402.87,1721.73,729.01,7697.81,Lifestyle,0,1,0,0,0,0,10,3,4,6,11
6.68453E+15,80000,14154.5,10417.09,10506.28,23924.93,5741.05,64743.85,All_Purpose,0,0,0,1,1,0,9,5,6,11,3
6.81038E+15,100000,15175.25,6368.32,6472.12,17211.29,6098.17,51325.15,All_Purpose,0,0,0,1,1,0,9,5,6,11,3
6.71625E+15,110000,26097.53,28706.68,17180.86,12861.11,6162,91008.18,"Travel, Lifestyle, Premium",0,0,1,1,1,0,9,5,6,11,3
6.29502E+15,120000,25032.53,33864.24,12382.93,12745.31,9074.36,93099.37,"Travel, Lifestyle",0,0,1,1,1,0,9,5,6,11,3
6.12124E+15,290000,45304.88,59546.47,44132.8,30256.51,15016.06,194256.72,Premium,1,0,1,1,1,0,0,1,2,8,7
6.6202E+15,130000,17538.2,8249.49,8096.24,11514.19,9046.77,54444.89,All_Purpose,0,0,0,0,0,0,6,11,9,10,12
6.14468E+15,120000,18142.4,19325.5,17381.97,23034.8,11168.67,89053.34,Fuel,0,0,0,1,1,1,9,5,13,14,6
6.3413E+15,140000,14208.12,34231.62,15165.46,41656.29,10382.62,115644.11,All_Purpose,0,0,1,0,1,0,6,11,3,4,7
6.29183E+15,20000,4263.71,2243.02,2430.54,5965.4,1857.53,16760.2,"Travel, All_Purpose, Fuel",0,0,0,1,0,1,9,13,14,6,11
6.39879E+15,290000,59727.18,39554.52,9044.23,48942.09,17903.94,175171.96,Travel,1,0,0,1,1,0,0,1,2,8,7
6.86432E+15,190000,28613.92,48807.38,5719.31,28066.84,11791.07,122998.52,Lifestyle,0,0,0,1,1,0,9,5,6,11,3
6.66093E+15,180000,19841.04,17420.59,22399.82,25937.9,12756.55,98355.9,All_Purpose,0,0,1,0,1,0,6,11,3,4,7
6.62245E+15,30000,6941.57,8289.74,3414.08,4579.03,1660.2,24884.62,"Travel, Lifestyle",0,1,0,1,0,0,13,14,5,10,9
6.35671E+15,230000,25077.83,28614.89,18554.39,34612.31,13389.3,120248.72,All_Purpose,1,0,0,0,1,0,7,12,0,1,2
6.0786E+15,170000,20123.7,35483.53,8679.15,16238.03,16230.15,96754.56,Fuel,0,0,1,0,1,1,6,11,3,4,7
6.48346E+15,260000,58028.76,48401.01,11241.26,75451.64,16210.5,209333.17,"Travel, All_Purpose",1,0,1,1,1,0,0,1,2,8,7
6.77657E+15,80000,10025.72,21078.86,2579.91,15407.34,7077.77,56169.6,"Lifestyle, Fuel",0,0,0,0,1,1,6,11,3,4,7
6.51821E+15,290000,68550.29,73922.8,52487.83,35910.22,18620.67,249491.81,"Travel, Lifestyle, Premium",1,0,0,1,1,0,0,1,2,8,7
6.46183E+15,260000,40705.1,38565.84,31869.35,29945.12,21986.21,163071.62,Fuel,1,0,1,1,1,1,0,1,2,8,7
6.21298E+15,100000,14654.63,17583.63,16539.49,24268.32,8227.67,81273.74,"Premium, Fuel",0,0,0,0,1,1,6,11,3,4,7
6.02375E+15,260000,47334.77,18684.02,24479.45,44453.15,13517.55,148468.94,All_Purpose,1,0,1,1,1,0,0,1,2,8,7
6.10857E+15,300000,73004.23,86522.45,26968.68,26844.61,17686.42,231026.39,"Travel, Lifestyle",1,0,0,1,1,0,0,1,2,8,7
6.45571E+15,20000,4843.34,1706,3195.95,2078.2,1981.26,13804.75,"Travel, Premium, Fuel",0,1,0,1,0,1,13,14,5,10,9
6.2734E+15,190000,41094.18,25773.08,25973.7,23226.27,10887.2,126954.43,Travel,0,0,1,1,1,0,9,5,6,11,3
6.20671E+15,90000,21388.24,24468.05,12269.13,23203.71,4810.67,86139.8,"Travel, Lifestyle",0,0,0,1,1,0,9,5,6,11,3
6.97514E+15,70000,10293.88,14623.79,6335.9,7887,5587.63,44728.2,All_Purpose,0,0,0,0,1,0,6,11,3,4,7
6.62425E+15,40000,6292.74,3322.69,2537.48,5289.85,2599.8,20042.56,All_Purpose,0,0,0,1,0,0,9,6,11,0,1
6.85974E+15,260000,49436.87,58245.19,23822.59,67932.67,15653.14,215090.46,All_Purpose,1,0,1,1,1,0,0,1,2,8,7
6.59466E+15,210000,46229.57,19958.33,10222.11,57626.2,14100.76,148136.97,Travel,1,0,0,1,1,0,0,1,2,8,7
6.37127E+15,180000,18684.41,40052.11,15072.7,16607.34,14488.31,104904.87,Fuel,0,0,0,0,1,1,6,11,3,4,7
6.08412E+15,130000,20542.74,9118.88,7152.31,18922.15,7083.44,62819.52,All_Purpose,0,0,0,1,1,0,9,5,6,11,3
6.22148E+15,110000,18983.69,8889.31,9053.6,31210.64,6389.32,74526.56,All_Purpose,0,0,0,1,1,0,9,5,6,11,3
6.24566E+15,290000,37952.06,68263.54,35651.19,79629.74,22532.9,244029.43,All_Purpose,1,0,1,0,1,0,7,12,0,1,2
6.31981E+15,240000,31036.49,21973.76,44592.76,36509.86,16464.99,150577.86,Premium,1,0,0,0,1,0,7,12,0,1,2
6.80518E+15,40000,9712.37,9379.28,5262.52,10951.88,2099.21,37405.26,Travel,0,1,0,1,1,0,5,3,4,13,14
6.56361E+15,250000,42438.86,26686.16,39115.97,70556.44,17797.13,196594.56,"Premium, All_Purpose",1,0,1,1,1,0,0,1,2,8,7
6.86319E+15,210000,51288.85,33854.75,23759.03,33046.22,20050.26,161999.11,"Travel, Fuel",1,0,0,1,1,1,0,1,2,8,7
6.64804E+15,290000,62154.59,73355.99,25553.16,50869.7,26802.84,238736.28,"Travel, Lifestyle, Fuel",1,0,1,1,1,1,0,1,2,8,7
6.14595E+15,250000,54772.57,71312.02,33986.44,60789.5,22563.72,243424.25,"Travel, Lifestyle, Fuel",1,0,0,1,1,1,0,1,2,8,7
6.01387E+15,40000,6370.32,2512.63,3932.76,9129.05,2900.7,24845.46,All_Purpose,0,0,0,1,0,0,9,6,11,0,1
6.44019E+15,100000,15354.74,20868.6,6169.14,24486.13,7728.48,74607.09,All_Purpose,0,0,0,1,1,0,9,5,6,11,3
6.68498E+15,50000,7189.33,11857.61,5602.11,6376.35,4918.18,35943.58,Fuel,0,0,0,0,0,1,6,11,9,10,12
6.06493E+15,90000,21921.32,14109.86,9969.04,24979.51,6862.72,77842.45,Travel,0,0,0,1,1,0,9,5,6,11,3
6.35872E+15,240000,33078.22,38803.59,12236.75,30075.75,12011.32,126205.63,All_Purpose,1,0,1,0,1,0,7,12,0,1,2
6.1345E+15,30000,7397.78,3317.65,4282.88,7938.06,2325.99,25262.36,Travel,0,0,0,1,0,0,9,6,11,0,1
6.29364E+15,170000,35566.97,34010.68,26233.14,42388.52,16790.99,154990.3,"Travel, Premium, Fuel",0,0,1,1,1,1,9,5,13,14,6
6.42446E+15,30000,4537.39,6363.48,1249.05,8322.82,1679.07,22151.81,All_Purpose,0,0,0,1,0,0,9,6,11,0,1
6.71141E+15,160000,35577.89,31892.5,15506.89,29464.94,14836.38,127278.6,"Travel, Fuel",0,0,1,1,1,1,9,5,13,14,6
6.89803E+15,40000,9217.9,2881.34,6482.23,10658.42,2363.64,31603.53,"Travel, Premium",0,1,0,1,0,0,13,14,5,10,9
6.27495E+15,180000,22468.49,40797.19,21781.64,39558.8,10768.38,135374.5,All_Purpose,0,0,0,0,1,0,6,11,3,4,7
6.60048E+15,170000,18058.18,22187.87,21276.62,45686.77,14168.88,121378.32,Fuel,0,0,1,0,1,1,6,11,3,4,7
6.57687E+15,70000,17007.76,16086.79,13168.97,13724.85,4406.16,64394.53,"Travel, Premium",0,0,0,1,1,0,9,5,6,11,3
6.69535E+15,240000,50139.05,19278.18,19553.23,47314.46,18773,155057.92,Travel,1,0,1,1,1,0,0,1,2,8,7
6.77777E+15,230000,43862.71,66610.82,35006.8,64451.19,20068.48,230000,"Lifestyle, Premium, All_Purpose, Fuel",1,0,0,1,1,1,0,1,2,8,7
6.57398E+15,300000,38641.05,65001.42,40792.36,63762.97,22346.79,230544.59,All_Purpose,1,0,1,0,1,0,7,12,0,1,2
6.0988E+15,50000,7508.32,8991.41,3179.23,12856.92,2964.44,35500.32,All_Purpose,0,0,0,1,1,0,9,5,6,11,3
6.32237E+15,120000,19852.43,25749.22,12529.42,16906.31,9349.03,84386.41,All_Purpose,0,0,0,1,1,0,9,5,6,11,3
6.5684E+15,170000,40788.13,47712.42,19618.55,25862.86,14765.63,148747.59,"Travel, Lifestyle, Fuel",0,0,1,1,1,1,9,5,13,14,6
6.03622E+15,230000,39379.53,30838.6,42892.95,19007.35,17857.37,149975.8,Premium,1,0,1,1,1,0,0,1,2,8,7
6.69213E+15,130000,22457.85,9275.6,25391.4,25215.1,10492.21,92832.16,"Premium, Fuel",0,0,0,1,1,1,9,5,13,14,6
6.2366E+15,230000,39680.68,36176.1,9828.43,23771.71,21130.93,130587.85,Fuel,1,0,0,1,1,1,0,1,2,8,7
6.16195E+15,250000,32310.94,44056.97,40171.75,23407.06,19710.1,159656.82,Premium,1,0,1,0,1,0,7,12,0,1,2
6.62112E+15,30000,3164.07,1895.58,5154.24,3178.62,1567.73,14960.24,Premium,0,1,0,0,0,0,10,3,4,6,11
6.68988E+15,90000,20393.91,10404.19,9152.2,7990.47,6520.85,54461.62,Travel,0,0,0,1,0,0,9,6,11,0,1
6.13583E+15,300000,55690.82,39932,25092.19,31037.16,20501.97,172254.14,All_Purpose,1,0,1,1,1,0,0,1,2,8,7
6.91399E+15,170000,34747.39,47124.4,31502.51,43689.42,12936.3,170000.02,"Travel, Lifestyle, Premium",0,0,0,1,1,0,9,5,6,11,3
6.85679E+15,170000,33084.65,27865.11,19030.3,41940.84,10896.31,132817.21,All_Purpose,0,0,1,1,1,0,9,5,6,11,3
6.37561E+15,300000,71608.88,19216.82,33767.35,84244.85,24155.45,232993.35,"Travel, All_Purpose, Fuel",1,0,0,1,1,1,0,1,2,8,7
6.57867E+15,200000,27492.33,27163.77,34969.65,40605.6,15147.42,145378.77,Premium,0,0,0,0,1,0,6,11,3,4,7
6.16261E+15,160000,16384.68,46547.41,15054.02,34033.1,8637.72,120656.93,Lifestyle,0,0,1,0,1,0,6,11,3,4,7
6.82037E+15,250000,59971.25,48479.08,12859.9,51994.68,22079.34,195384.25,"Travel, Fuel",1,0,1,1,1,1,0,1,2,8,7
6.23465E+15,220000,51034.65,46677.56,40231.91,47777.66,12444.17,198165.95,"Travel, Premium",1,0,0,1,1,0,0,1,2,8,7
6.78212E+15,130000,30722.12,31213,18848.4,19007.64,7696.29,107487.45,Travel,0,0,1,1,1,0,9,5,6,11,3
6.94331E+15,270000,46203.4,28740.79,36402.95,23995.83,17903.3,153246.27,All_Purpose,1,0,1,1,1,0,0,1,2,8,7
6.33506E+15,190000,23216.81,56271.09,12453.84,20648.76,11433.58,124024.08,Lifestyle,0,0,0,0,1,0,6,11,3,4,7
6.08949E+15,170000,27850.39,32530.18,5707.16,14887.73,12289.52,93264.98,All_Purpose,0,0,1,1,1,0,9,5,6,11,3
6.68303E+15,40000,9311.43,2867.07,4860.87,11236.42,2775.95,31051.74,"Travel, All_Purpose",0,1,0,1,0,0,13,14,5,10,9
6.01133E+15,120000,14406.52,34061.83,18929.04,34451.23,10059.7,111908.32,"Lifestyle, Premium, All_Purpose, Fuel",0,0,0,0,1,1,6,11,3,4,7
6.39033E+15,290000,69810.88,34478.59,25076.11,67911.58,25597.09,222874.25,"Travel, Fuel",1,0,1,1,1,1,0,1,2,8,7
6.9337E+15,90000,11764.83,22454.96,13999.75,8463.13,6242.5,62925.17,Premium,0,0,1,0,1,0,6,11,3,4,7
6.08334E+15,190000,27677.98,56189.98,26461.71,45198.86,18777.87,174306.4,"Lifestyle, Fuel",0,0,1,0,1,1,6,11,3,4,7
6.40049E+15,120000,26433.12,19035.93,21338.49,14369.36,11686.12,92863.02,"Travel, Premium, Fuel",0,0,0,1,1,1,9,5,13,14,6
6.87334E+15,90000,13403.98,21514.33,8724.45,19242.59,6500.58,69385.93,All_Purpose,0,0,0,0,1,0,6,11,3,4,7
6.34674E+15,70000,10149.26,11800.4,4099.44,11063.88,4899.94,42012.92,All_Purpose,0,0,0,0,1,0,6,11,3,4,7
6.42725E+15,280000,52498.9,75904.04,15622.96,59224.97,23306.35,226557.22,"Lifestyle, Fuel",1,0,0,1,1,1,0,1,2,8,7
6.49364E+15,140000,28723.05,21375.6,16210.37,11426.47,11842.04,89577.53,"Travel, Fuel",0,0,1,1,1,1,9,5,13,14,6
6.33298E+15,200000,21152.03,28412.51,39287.08,34512.41,15019.45,138383.48,Premium,0,0,1,0,1,0,6,11,3,4,7
6.19763E+15,190000,39441.96,37148.33,31469.09,51330.51,13840.44,173230.33,"Travel, Premium",0,0,1,1,1,0,9,5,6,11,3
6.55631E+15,260000,41055.99,75835.9,38614.75,25560.36,24218.48,205285.48,"Lifestyle, Fuel",1,0,1,1,1,1,0,1,2,8,7
6.89647E+15,150000,16546.96,28114.4,15137.69,40965.73,9029.96,109794.74,All_Purpose,0,0,1,0,1,0,6,11,3,4,7
6.85756E+15,160000,29384.53,10184.41,31234.19,30844.06,10327.01,111974.2,Premium,0,0,0,1,1,0,9,5,6,11,3
6.34657E+15,210000,48022.52,26507.41,13178.55,22763.09,13627.52,124099.09,Travel,1,0,0,1,1,0,0,1,2,8,7
6.16852E+15,50000,8537.2,5343.52,2912.57,7660.02,4849.81,29303.12,Fuel,0,0,0,1,0,1,9,13,14,6,11
6.28741E+15,30000,7446.56,5139.23,1813.74,8281.52,2190.53,24871.58,Travel,0,1,0,1,0,0,13,14,5,10,9
6.66887E+15,120000,29706.81,7505.26,5572.57,28620.06,7690.95,79095.65,Travel,0,0,0,1,1,0,9,5,6,11,3
6.01511E+15,250000,26476.07,13865.42,40415.64,27393.84,18346.51,126497.48,Premium,1,0,0,0,1,0,7,12,0,1,2
6.73102E+15,200000,32850.55,11355.33,32639.05,16462.58,17618.9,110926.41,"Premium, Fuel",0,0,0,1,1,1,9,5,13,14,6
6.01729E+15,270000,48689.47,45696.38,25964.68,74313.02,25568.1,220231.65,Fuel,1,0,1,1,1,1,0,1,2,8,7
6.14372E+15,210000,40374.7,59162.65,40645.49,40313.91,15254.66,195751.41,"Lifestyle, Premium",1,0,0,1,1,0,0,1,2,8,7
6.00605E+15,40000,9753.23,3428.14,5142.84,5686.44,2558.02,26568.67,Travel,0,1,0,1,0,0,13,14,5,10,9
6.89994E+15,210000,52461.98,13385.73,26953.94,20614.83,12122.47,125538.95,Travel,1,0,0,1,1,0,0,1,2,8,7
6.10524E+15,230000,40610.87,26380.56,19273.47,22800.53,14987.03,124052.46,All_Purpose,1,0,1,1,1,0,0,1,2,8,7
6.26966E+15,160000,38672.98,21395.13,20327.23,44817.76,8049.47,133262.57,"Travel, All_Purpose",0,0,0,1,1,0,9,5,6,11,3
6.67297E+15,250000,60563.86,18207.86,14361.53,72841.05,19219.25,185193.55,"Travel, All_Purpose",1,0,1,1,1,0,0,1,2,8,7
6.65691E+15,70000,9705.14,11374.01,10345.62,16890.67,6983.98,55299.42,Fuel,0,0,0,0,1,1,6,11,3,4,7
6.84307E+15,130000,23495.29,23833.02,12864.76,15238.03,12853.47,88284.57,Fuel,0,0,1,1,1,1,9,5,13,14,6
6.55918E+15,210000,36697.49,42170.38,14413.22,41922.96,17797.19,153001.24,Fuel,1,0,1,1,1,1,0,1,2,8,7
6.64795E+15,100000,24854.28,20283.54,9306.55,24987.34,5852.31,85284.02,Travel,0,0,1,1,1,0,9,5,6,11,3
6.52427E+15,260000,42840.48,63815.69,29200.45,66217.63,20494.36,222568.61,All_Purpose,1,0,1,1,1,0,0,1,2,8,7
6.99311E+15,70000,15504.78,7670.07,4770.16,13369.35,4412.97,45727.33,Travel,0,0,0,1,1,0,9,5,6,11,3
6.52124E+15,140000,27614.25,24888.28,14803.32,40982.63,10998.39,119286.87,All_Purpose,0,0,1,1,1,0,9,5,6,11,3
6.63252E+15,260000,31438.56,49998.42,46164.7,54153.65,22334.18,204089.51,"Premium, Fuel",1,0,1,0,1,1,7,12,0,1,2
6.15188E+15,50000,5693.37,8223.75,4853.07,13537.66,3109.99,35417.84,All_Purpose,0,0,0,0,1,0,6,11,3,4,7
6.24277E+15,30000,4114.34,4110.39,5467.33,8779.71,2165.16,24636.93,"Premium, All_Purpose",0,1,0,0,0,0,10,3,4,6,11
6.72157E+15,230000,41150.24,51046.73,17592.85,55665.54,12094.06,177549.42,All_Purpose,1,0,0,1,1,0,0,1,2,8,7
6.39296E+15,290000,45803.52,40126.81,24260.72,54527.06,19150.64,183868.75,All_Purpose,1,0,0,1,1,0,0,1,2,8,7
6.44504E+15,110000,27085.92,16805.62,11616.13,22752.39,10908.37,89168.43,"Travel, Fuel",0,0,0,1,1,1,9,5,13,14,6
6.14378E+15,110000,22241.15,25189.58,14656.97,10943.6,9222.8,82254.1,"Travel, Fuel",0,0,1,1,1,1,9,5,13,14,6
6.03375E+15,180000,34095.85,42281.15,11855.68,47728.23,9273.18,145234.09,All_Purpose,0,0,0,1,1,0,9,5,6,11,3
6.81219E+15,150000,25357.4,15659.55,7911.34,43459.14,8044.99,100432.42,All_Purpose,0,0,1,1,1,0,9,5,6,11,3
6.77243E+15,120000,23164.23,22344.03,6163.13,17248.82,7432.51,76352.72,All_Purpose,0,0,1,1,1,0,9,5,6,11,3
6.29688E+15,90000,14550.45,20340.71,6027.03,14460.24,6259.13,61637.56,All_Purpose,0,0,1,1,1,0,9,5,6,11,3
6.18237E+15,100000,24320,25003.44,7108.2,9496.82,6584.52,72512.98,"Travel, Lifestyle",0,0,1,1,1,0,9,5,6,11,3
6.72905E+15,260000,45731.11,63552.31,45737.87,69126.23,17675.78,241823.3,Premium,1,0,1,1,1,0,0,1,2,8,7
6.61924E+15,120000,17631.02,7827.17,17911.93,9859.45,8455.1,61684.67,All_Purpose,0,0,0,0,0,0,6,11,9,10,12
6.68799E+15,170000,34681.13,41065.43,13888.33,43954.85,10998.29,144588.03,Travel,0,0,1,1,1,0,9,5,6,11,3
6.03194E+15,290000,60625.31,64736.72,57377.27,37565.27,24103.61,244408.18,"Travel, Premium, Fuel",1,0,1,1,1,1,0,1,2,8,7
6.15944E+15,60000,14235.89,5345.43,9468.34,12301.15,3824,45174.81,"Travel, Premium",0,0,0,1,0,0,9,6,11,0,1
6.18541E+15,70000,10504.65,13637.98,12679.11,14367.3,5711.03,56900.07,"Premium, Fuel",0,0,0,1,1,1,9,5,13,14,6
6.80223E+15,140000,15074.48,15150.05,15909.64,20755.25,8272.35,75161.77,All_Purpose,0,0,0,0,1,0,6,11,3,4,7
6.48548E+15,130000,19294.79,14888.5,14154.08,14211.93,12530.35,75079.65,Fuel,0,0,0,0,1,1,6,11,3,4,7
6.24447E+15,80000,16491.45,6124.28,12951.93,20620.05,7071.06,63258.77,"Travel, Premium, Fuel",0,0,0,1,1,1,9,5,13,14,6
6.38365E+15,100000,19658.62,25858.12,12815.01,22220.96,7291.82,87844.53,Lifestyle,0,0,0,1,1,0,9,5,6,11,3
6.32824E+15,90000,9464.09,18876.67,3946.14,15813.29,5816.95,53917.14,All_Purpose,0,0,0,0,1,0,6,11,3,4,7
6.14144E+15,180000,21602.24,40123.95,29727.35,20868.84,9938.82,122261.2,Premium,0,0,0,0,1,0,6,11,3,4,7
6.34382E+15,270000,62523.67,49152.78,29547.28,27938.68,22269.01,191431.42,"Travel, Fuel",1,0,1,1,1,1,0,1,2,8,7
6.60748E+15,260000,58299.25,53693.56,11127.32,27229.11,13641.02,163990.26,Travel,1,0,0,1,1,0,0,1,2,8,7
6.23701E+15,20000,2406.98,2300.24,1909.2,5749.12,1610.38,13975.92,"All_Purpose, Fuel",0,1,0,0,0,1,10,13,14,3,4
6.36141E+15,50000,10327.64,3906.29,7755.32,7026.09,4097.77,33113.11,"Travel, Premium, Fuel",0,0,0,1,0,1,9,13,14,6,11
6.62202E+15,290000,72398.74,33607.48,22461.13,82576.89,14857.34,225901.58,"Travel, All_Purpose",1,0,0,1,1,0,0,1,2,8,7
6.01736E+15,50000,10321.82,12808.15,9672.04,14564.93,2633.06,50000,"Travel, Lifestyle, Premium, All_Purpose",0,0,0,1,1,0,9,5,6,11,3
6.26509E+15,60000,11816.79,12710.13,3109.17,13382.47,5947.45,46966.01,Fuel,0,0,0,1,1,1,9,5,13,14,6
6.99808E+15,190000,31515.22,11397.53,17402.08,49743.12,16164.24,126222.19,Fuel,0,0,0,1,1,1,9,5,13,14,6
6.13666E+15,80000,8661.22,12537.89,8778.74,22742.58,6564.34,59284.77,"All_Purpose, Fuel",0,0,0,0,1,1,6,11,3,4,7
6.30647E+15,160000,28607.64,10642.21,31253.86,25474.11,11822.94,107800.76,Premium,0,0,0,1,1,0,9,5,6,11,3
6.98569E+15,130000,25913.53,29747.98,9825.97,19428.12,7314.13,92229.73,All_Purpose,0,0,1,1,1,0,9,5,6,11,3
6.26082E+15,10000,1059.7,1994.21,1778.48,2759.83,724.52,8316.74,Premium,0,1,0,0,0,0,10,3,4,6,11
6.61208E+15,220000,24539.98,47892.08,37315.1,29441.3,15634.31,154822.77,Premium,1,0,1,0,1,0,7,12,0,1,2
6.89879E+15,200000,46313.61,22159,24719.4,24469.7,11018.79,128680.5,Travel,0,0,0,1,1,0,9,5,6,11,3
6.90267E+15,170000,37922.94,40801.48,6509.35,45155.46,12223.37,142612.6,Travel,0,0,1,1,1,0,9,5,6,11,3
6.82184E+15,70000,12738,5098.68,11104.09,14569.5,4153.07,47663.34,Premium,0,0,0,1,0,0,9,6,11,0,1
6.30198E+15,250000,27137.59,49237.4,43214.8,20962.4,13112.56,153664.75,Premium,1,0,0,0,1,0,7,12,0,1,2
6.72971E+15,130000,28980.17,17119.01,11626.48,27455.51,8282.38,93463.55,Travel,0,0,1,1,1,0,9,5,6,11,3
6.21232E+15,40000,7484.54,9416.84,5791.57,5011.76,2704.96,30409.67,All_Purpose,0,0,0,1,0,0,9,6,11,0,1
6.35591E+15,40000,4779.14,8761.96,7038.48,11672.05,3256.69,35508.32,"Premium, All_Purpose, Fuel",0,0,0,0,1,1,6,11,3,4,7
6.55633E+15,60000,6950.85,15192.76,7703.32,12961.36,5344.39,48152.68,"Lifestyle, Fuel",0,0,0,0,1,1,6,11,3,4,7
6.09923E+15,280000,63047.25,17934.97,43981.98,74812.53,18005.89,217782.62,"Travel, Premium",1,0,1,1,1,0,0,1,2,8,7
6.01779E+15,190000,27953.62,55003.63,6779.58,39435.34,11081.78,140253.95,Lifestyle,0,0,1,0,1,0,6,11,3,4,7
6.25728E+15,290000,36651.23,31565.29,33072.48,81566.47,17569.86,200425.33,All_Purpose,1,0,1,0,1,0,7,12,0,1,2
6.55384E+15,120000,25661.58,21018.59,22200.42,13470.62,9875.57,92226.78,"Travel, Premium, Fuel",0,0,0,1,1,1,9,5,13,14,6
6.639E+15,220000,27173.09,48588.62,28803.8,54133.65,14404.09,173103.25,All_Purpose,1,0,0,0,1,0,7,12,0,1,2
6.34837E+15,70000,11257.45,20721.57,5577.76,10140.19,4740.92,52437.89,Lifestyle,0,0,0,1,1,0,9,5,6,11,3
6.13887E+15,270000,37219.07,75282.07,20294.97,74811.45,14896.91,222504.47,Lifestyle,1,0,1,0,1,0,7,12,0,1,2
6.02211E+15,100000,23604.78,9218.74,19461.56,17963.43,9728.58,79977.09,"Travel, Premium, Fuel",0,0,0,1,1,1,9,5,13,14,6
6.85195E+15,260000,37761.89,25239.66,21225.09,26120.6,14870.28,125217.52,All_Purpose,1,0,1,0,1,0,7,12,0,1,2
6.72727E+15,190000,31053.89,47289.97,10266.69,20647.39,15612.58,124870.52,Fuel,0,0,0,1,1,1,9,5,13,14,6
6.81593E+15,70000,8024.91,6419.85,13092.4,18250.66,4739.23,50527.05,Premium,0,0,0,0,1,0,6,11,3,4,7
6.00696E+15,300000,60470.59,66200.34,41065.43,41562.69,15585.1,224884.15,Travel,1,0,0,1,1,0,0,1,2,8,7
6.0956E+15,30000,7009.38,5771.23,5145.19,8944.72,1745.42,28615.94,"Travel, Premium, All_Purpose",0,1,0,1,0,0,13,14,5,10,9
6.60674E+15,130000,26148.72,38348.55,25681.78,30039.01,8083.5,128301.56,"Travel, Lifestyle, Premium",0,0,1,1,1,0,9,5,6,11,3
6.51625E+15,130000,15087.07,31872.73,24015.33,21349.04,10599.13,102923.3,"Premium, Fuel",0,0,1,0,1,1,6,11,3,4,7
6.69414E+15,180000,29819.66,22966.69,28721.17,51472.59,17466.76,150446.87,"Premium, All_Purpose, Fuel",0,0,0,1,1,1,9,5,13,14,6
6.69788E+15,280000,64739.23,65620.2,20435.06,26544.73,17751.96,195091.18,Travel,1,0,0,1,1,0,0,1,2,8,7
6.29836E+15,300000,58493.04,69079.1,22114.77,71479.62,15421.82,236588.35,All_Purpose,1,0,1,1,1,0,0,1,2,8,7
6.84437E+15,260000,50443.38,22496.28,44176.76,34243.79,21479.65,172839.86,"Premium, Fuel",1,0,1,1,1,1,0,1,2,8,7
6.66215E+15,200000,37881.31,15372.53,6575.04,56020.83,12696.3,128546.01,All_Purpose,0,0,0,1,1,0,9,5,6,11,3
6.7907E+15,280000,69972.71,28800.19,21022.13,63232.16,27516.28,210543.47,"Travel, Fuel",1,0,0,1,1,1,0,1,2,8,7
6.60267E+15,80000,14034.51,19902.21,4246.14,23602.91,7857.41,69643.18,"All_Purpose, Fuel",0,0,0,1,1,1,9,5,13,14,6
6.33328E+15,290000,42024.91,21761.24,22095.68,75257.98,19985.58,181125.39,All_Purpose,1,0,1,0,1,0,7,12,0,1,2
6.58622E+15,90000,13620.04,26581.13,12334.16,15439.99,5249.42,73224.74,Lifestyle,0,0,1,1,1,0,9,5,6,11,3
6.35176E+15,70000,15618.91,8425.85,2933.82,6472.03,3921.32,37371.93,Travel,0,0,0,1,0,0,9,6,11,0,1
6.0033E+15,10000,2393.15,1741.86,1733.01,1780.95,854.29,8503.26,"Travel, Premium, Fuel",0,1,0,1,0,1,13,14,5,10,9
6.17396E+15,30000,3782.84,4209.12,4150.24,2866.6,2042.31,17051.11,All_Purpose,0,0,0,0,0,0,6,11,9,10,12
6.31086E+15,130000,32426.38,21922.34,21934.85,22757.12,11676.54,110717.23,"Travel, Premium, Fuel",0,0,0,1,1,1,9,5,13,14,6
6.45996E+15,280000,65237.01,42765.98,37164.89,61209.15,19843.36,226220.39,Travel,1,0,1,1,1,0,0,1,2,8,7
6.22979E+15,300000,34210.17,16250.37,53550.25,39607.34,18172.6,161790.73,Premium,1,0,1,0,1,0,7,12,0,1,2
6.37064E+15,250000,37000.6,44127.79,14406.72,72786.01,23144.77,191465.89,"All_Purpose, Fuel",1,0,1,0,1,1,7,12,0,1,2
6.99407E+15,280000,45084.5,67365.28,15248.5,22930.93,14279.62,164908.83,All_Purpose,1,0,1,1,1,0,0,1,2,8,7
6.10536E+15,170000,28612.57,30515.65,5315.68,29408.48,14603.58,108455.96,Fuel,0,0,0,1,1,1,9,5,13,14,6
6.48215E+15,250000,52458.22,27063.69,42058.54,52363.72,15134.54,189078.71,"Travel, Premium",1,0,1,1,1,0,0,1,2,8,7
6.32834E+15,240000,46609.1,61796.38,24157.61,32838.26,22404.14,187805.49,"Lifestyle, Fuel",1,0,0,1,1,1,0,1,2,8,7
6.73244E+15,10000,1672.13,1719.75,647.24,2178.97,679.37,6897.46,All_Purpose,0,1,0,1,0,0,13,14,5,10,9
6.35475E+15,60000,10321.65,10288.28,7571.69,16901.18,5402.45,50485.25,"All_Purpose, Fuel",0,0,0,1,1,1,9,5,13,14,6
6.55373E+15,210000,43639.03,41277.36,23877.5,25684.99,15371.33,149850.21,Travel,1,0,1,1,1,0,0,1,2,8,7
6.60373E+15,60000,14233.58,8031.1,11513.09,11836.33,4894.63,50508.73,"Travel, Premium, Fuel",0,0,0,1,0,1,9,13,14,6,11
6.5695E+15,260000,31045.84,37428.38,12182.26,56432.97,18809.36,155898.81,All_Purpose,1,0,1,0,1,0,7,12,0,1,2
6.72582E+15,120000,15968.47,10936.98,11889.18,34061.85,10262.53,83119.01,"All_Purpose, Fuel",0,0,0,0,1,1,6,11,3,4,7
6.99609E+15,130000,23086.81,9236.92,25659.13,29459.25,8355.13,95797.24,Premium,0,0,0,1,1,0,9,5,6,11,3
6.59194E+15,130000,15134.91,37889.69,7762.75,28933.67,8095.45,97816.47,Lifestyle,0,0,1,0,1,0,6,11,3,4,7
6.7966E+15,290000,62791.73,63322.93,38994.82,80139.53,15640.09,260889.1,Travel,1,0,0,1,1,0,0,1,2,8,7
6.83198E+15,150000,20586.47,44550.52,14429.44,36176.22,12635.44,128378.09,"Lifestyle, Fuel",0,0,0,0,1,1,6,11,3,4,7
6.62095E+15,210000,28528.43,25267.44,20977.24,27625.82,10706.34,113105.27,All_Purpose,1,0,1,0,1,0,7,12,0,1,2
6.0342E+15,160000,24197.69,21540.28,4992.9,36744.82,14603.52,102079.21,Fuel,0,0,0,1,1,1,9,5,13,14,6
6.34673E+15,220000,27268.99,54454.58,29649.27,19771.25,17848.02,148992.11,Fuel,1,0,0,0,1,1,7,12,0,1,2
6.54621E+15,210000,32614.84,50910.9,35250.39,35296.48,20445.11,174517.72,"Premium, Fuel",1,0,0,1,1,1,0,1,2,8,7
6.57059E+15,110000,23735.29,18806.62,20083.85,30767.82,5980.79,99374.37,"Travel, Premium",0,0,1,1,1,0,9,5,6,11,3
6.49427E+15,280000,62672.46,69391.75,17963.38,71995.34,25901.86,247924.79,"Travel, Fuel",1,0,0,1,1,1,0,1,2,8,7
6.15653E+15,50000,12141.95,3123.25,2774.23,9913.39,3939.48,31892.3,Travel,0,0,0,1,0,0,9,6,11,0,1
6.46004E+15,40000,4101.81,11603.67,1503.2,4458.95,2028.03,23695.66,Lifestyle,0,0,0,0,0,0,6,11,9,10,12
6.54026E+15,30000,7195.2,6494.6,5095.55,2487.66,2313.02,23586.03,"Travel, Premium",0,0,0,1,0,0,9,6,11,0,1
6.00195E+15,190000,33220.59,12930.13,27807.26,36234.61,16768.91,126961.5,Fuel,0,0,0,1,1,1,9,5,13,14,6
6.70764E+15,200000,24481.45,42412.85,11861.14,54385.36,16131.16,149271.96,Fuel,0,0,1,0,1,1,6,11,3,4,7
6.80339E+15,250000,61087.68,44897.84,10598.18,54475.81,15664.99,186724.5,Travel,1,0,1,1,1,0,0,1,2,8,7
6.44946E+15,180000,40081.2,53052.63,20757.21,32416.29,15781.28,162088.61,"Travel, Lifestyle, Fuel",0,0,0,1,1,1,9,5,13,14,6
6.24866E+15,150000,27305.6,27984.29,6781.56,25793.47,13899.64,101764.56,Fuel,0,0,1,1,1,1,9,5,13,14,6
6.48152E+15,90000,10339.71,6541.22,6719.24,24520.37,5080.06,53200.6,All_Purpose,0,0,0,0,1,0,6,11,3,4,7
6.76883E+15,170000,19579.72,34983.36,15390.34,43105.38,10486.37,123545.17,All_Purpose,0,0,1,0,1,0,6,11,3,4,7
6.15431E+15,140000,18949.33,31978.11,24993.54,15105.5,13066.17,104092.65,"Premium, Fuel",0,0,1,0,1,1,6,11,3,4,7
6.41677E+15,150000,17859.99,23532.82,8601.94,35111.48,13191.51,98297.74,Fuel,0,0,0,0,1,1,6,11,3,4,7
6.81974E+15,10000,1759.21,2536.56,1891.48,1929.74,975.14,9092.13,"Lifestyle, Premium, Fuel",0,1,0,1,0,1,13,14,5,10,9
6.81686E+15,210000,33417,55030.66,23899.48,38601.9,15648.28,166597.32,Lifestyle,1,0,0,1,1,0,0,1,2,8,7
6.18019E+15,220000,49454.07,33193.6,19065.41,41409.32,17300.5,160422.9,Travel,1,0,1,1,1,0,0,1,2,8,7
6.84811E+15,220000,38053.93,29372.51,10595.11,29160.11,21442.09,128623.75,Fuel,1,0,0,1,1,1,0,1,2,8,7
6.76083E+15,30000,3759.87,4955.05,2466.15,2632.05,1984.72,15797.84,All_Purpose,0,0,0,0,0,0,6,11,9,10,12
6.88738E+15,160000,29241.1,22262.36,16966.63,46786.23,11018.79,126275.11,All_Purpose,0,0,1,1,1,0,9,5,6,11,3
6.5841E+15,230000,31399.61,37821.47,36597.24,28823,19656.91,154298.23,"Premium, Fuel",1,0,1,0,1,1,7,12,0,1,2
6.95974E+15,250000,40709.99,60991.57,21896.15,51005.54,15062.24,189665.49,All_Purpose,1,0,0,1,1,0,0,1,2,8,7
6.5041E+15,110000,11862.61,28944.92,7006.27,29960.43,7438.91,85213.14,Lifestyle,0,0,1,0,1,0,6,11,3,4,7
6.53986E+15,120000,17746.06,33177.35,6183.4,14312.92,8958.18,80377.91,Lifestyle,0,0,1,0,1,0,6,11,3,4,7
6.45884E+15,100000,12939.7,28594.16,19600.32,16277.71,9616.43,87028.32,"Lifestyle, Premium, Fuel",0,0,1,0,1,1,6,11,3,4,7
6.02574E+15,160000,22473.82,36095.95,22722.13,47617.21,10120.38,139029.49,All_Purpose,0,0,0,0,1,0,6,11,3,4,7
6.75419E+15,80000,8624.29,6272.92,2453.29,23990.51,7209.09,48550.1,"All_Purpose, Fuel",0,0,0,0,1,1,6,11,3,4,7
6.433E+15,60000,10587.53,7501.01,3342.9,8557.71,4127.91,34117.06,All_Purpose,0,0,0,1,0,0,9,6,11,0,1
6.48729E+15,120000,21713.91,8324.51,3967.79,12301.57,8462.99,54770.77,All_Purpose,0,0,0,1,1,0,9,5,6,11,3
6.32283E+15,240000,46946.49,60109.55,26228.08,38295.97,13300.8,184880.89,Lifestyle,1,0,1,1,1,0,0,1,2,8,7
6.36711E+15,280000,60892.72,25768.27,32783.6,52422.29,22751.28,194618.16,"Travel, Fuel",1,0,0,1,1,1,0,1,2,8,7
6.00126E+15,210000,39262.8,38861.41,8096.53,19706.33,12467.14,118394.21,All_Purpose,1,0,0,1,1,0,0,1,2,8,7
6.51888E+15,80000,16920.23,18466.61,4250.36,21114.99,4619.14,65371.33,Travel,0,0,0,1,1,0,9,5,6,11,3
6.33468E+15,260000,35710.1,37199.96,19056.14,48767.99,18296.3,159030.49,All_Purpose,1,0,1,0,1,0,7,12,0,1,2
6.67827E+15,280000,33971.62,17697.81,38190.04,25757.77,25710.16,141327.4,Fuel,1,0,0,0,1,1,7,12,0,1,2
6.95172E+15,40000,7162.05,7615.95,2361.53,4939.67,2637.63,24716.83,All_Purpose,0,1,0,1,0,0,13,14,5,10,9
6.18904E+15,260000,34194.59,20561.56,50679.17,22057.36,23435.07,150927.75,"Premium, Fuel",1,0,1,0,1,1,7,12,0,1,2
6.56859E+15,80000,11566.57,6712.53,4380.55,18674.8,6571.23,47905.68,Fuel,0,0,0,0,1,1,6,11,3,4,7
6.30481E+15,260000,62561.77,57975.28,14688.64,34724.92,23948.52,193899.13,"Travel, Fuel",1,0,1,1,1,1,0,1,2,8,7
6.47789E+15,280000,31045.94,63229.6,27560.25,79074.47,23103.57,224013.83,"All_Purpose, Fuel",1,0,0,0,1,1,7,12,0,1,2
6.50679E+15,180000,43592.13,20635.08,15718.7,30329.51,9461.02,119736.44,Travel,0,0,0,1,1,0,9,5,6,11,3
6.64695E+15,280000,44840.75,38549.69,45187.19,71875.3,16147.78,216600.71,Premium,1,0,1,1,1,0,0,1,2,8,7
6.41863E+15,280000,43680.83,24598.73,46406.39,65965.27,16665.35,197316.57,Premium,1,0,1,1,1,0,0,1,2,8,7
6.75254E+15,50000,5793.54,10352.58,2531.66,14845.28,4451.71,37974.77,"All_Purpose, Fuel",0,0,0,0,1,1,6,11,3,4,7
6.09629E+15,90000,16810.61,25005.19,11177.72,10655.07,6204.17,69852.76,Lifestyle,0,0,1,1,1,0,9,5,6,11,3
6.01036E+15,40000,7865.28,8507.24,7094.39,11066.96,3839.59,38373.46,"Premium, Fuel",0,1,0,1,0,1,13,14,5,10,9
6.34244E+15,270000,49037.1,63484.39,42842.94,57638.94,15751.63,228755,Premium,1,0,1,1,1,0,0,1,2,8,7
6.00522E+15,220000,24842.48,36509.54,13106.75,33933.89,11198.89,119591.55,All_Purpose,1,0,1,0,1,0,7,12,0,1,2
6.65873E+15,170000,31021.86,34832.26,24274.87,44877.3,10331.43,145337.72,All_Purpose,0,0,1,1,1,0,9,5,6,11,3
6.47325E+15,90000,11114.27,26432.1,15590.83,17117.36,8916.4,79170.96,"Lifestyle, Premium, Fuel",0,0,0,0,1,1,6,11,3,4,7
6.63428E+15,10000,1454.6,2095.56,895.01,2842.42,532.81,7820.4,All_Purpose,0,1,0,0,0,0,10,3,4,6,11
6.45344E+15,210000,39612.29,44768.23,15427.28,33642.97,19358.65,152809.42,Fuel,1,0,1,1,1,1,0,1,2,8,7
6.87385E+15,200000,36879.66,48109.38,30262.65,25130.51,15688.13,156070.33,Premium,0,0,1,1,1,0,9,5,6,11,3
6.77931E+15,130000,21426.27,37914.2,13893.95,14483.67,9031.33,96749.42,Lifestyle,0,0,0,1,1,0,9,5,6,11,3
6.17657E+15,280000,41428.28,74766.87,50347.53,43971.49,15165.61,225679.78,"Lifestyle, Premium",1,0,0,0,1,0,7,12,0,1,2
6.72144E+15,160000,23476.3,39316.94,16840.21,29881.39,14223.28,123738.12,Fuel,0,0,1,0,1,1,6,11,3,4,7
6.23867E+15,290000,48276.04,41773.81,26809.89,56755.39,26227.59,199842.72,Fuel,1,0,1,1,1,1,0,1,2,8,7
6.43965E+15,130000,23222.97,28298.64,9854.61,18337.15,12567.19,92280.56,Fuel,0,0,0,1,1,1,9,5,13,14,6
6.63359E+15,140000,26120.92,29670.2,4897.33,30237.57,10566.56,101492.58,All_Purpose,0,0,1,1,1,0,9,5,6,11,3
6.15398E+15,30000,4617.41,2111.05,1886.03,8674.92,2113.05,19402.46,All_Purpose,0,1,0,1,0,0,13,14,5,10,9
6.39676E+15,290000,31292.88,17223.55,44057.05,57530.44,21876.24,171980.16,Premium,1,0,1,0,1,0,7,12,0,1,2
6.48814E+15,60000,12702.76,5523.55,3737.33,10881.4,3858.84,36703.88,Travel,0,0,0,1,0,0,9,6,11,0,1
6.84452E+15,180000,35421.42,38293.73,30630.22,30941.26,9657.77,144944.4,Premium,0,0,0,1,1,0,9,5,6,11,3
6.97911E+15,190000,46930.16,37822.28,28624.51,15507.56,14422.95,143307.46,"Travel, Premium",0,0,1,1,1,0,9,5,6,11,3
6.18024E+15,50000,9269.23,14009.64,9731.56,9946.08,3645.51,46602.02,"Lifestyle, Premium",0,0,0,1,1,0,9,5,6,11,3
6.39182E+15,150000,30156.22,9933.72,16376,19928.09,11023.53,87417.56,Travel,0,0,0,1,1,0,9,5,6,11,3
6.19851E+15,250000,46830.43,34798.16,14481.49,47704.57,22877.54,166692.19,Fuel,1,0,1,1,1,1,0,1,2,8,7
6.67766E+15,20000,3015.1,5677.62,3701.51,2521.13,1039.42,15954.78,"Lifestyle, Premium",0,0,0,1,0,0,9,6,11,0,1
6.16641E+15,100000,22414.15,29196.61,18127.22,21211.76,7650.26,98600,"Travel, Lifestyle, Premium",0,0,1,1,1,0,9,5,6,11,3
6.78961E+15,240000,32879.63,39576.89,32842.96,48622.9,20911.63,174834.01,Fuel,1,0,1,0,1,1,7,12,0,1,2
6.77753E+15,300000,55422.87,21610.67,30096.94,73510.61,25401.01,206042.1,Fuel,1,0,1,1,1,1,0,1,2,8,7
6.09174E+15,180000,25503.06,31418.52,15483.63,31847.88,16712.55,120965.64,Fuel,0,0,0,0,1,1,6,11,3,4,7
6.61349E+15,270000,62738.87,27237,48187.28,25149.88,25496.09,188809.12,"Travel, Premium, Fuel",1,0,1,1,1,1,0,1,2,8,7
6.08499E+15,130000,19134.46,23142.88,24689.25,11766.55,8789.5,87522.64,Premium,0,0,1,0,1,0,6,11,3,4,7
6.59986E+15,50000,7970.41,4989.46,5110.75,8241.08,4788.54,31100.24,Fuel,0,0,0,1,0,1,9,13,14,6,11
6.65169E+15,230000,40426.49,68331.31,25092.35,21346.83,14516.15,169713.13,Lifestyle,1,0,1,1,1,0,0,1,2,8,7
6.25106E+15,240000,29648.49,68853.91,38487.44,33365.56,19089.65,189445.05,"Lifestyle, Premium",1,0,0,0,1,0,7,12,0,1,2
6.56352E+15,10000,2411.92,2704.09,1175.83,2504.24,781.07,9577.15,"Travel, Lifestyle",0,1,0,1,0,0,13,14,5,10,9
6.29324E+15,220000,25786.48,17937.57,26404.56,30612.9,11231.41,111972.92,All_Purpose,1,0,1,0,1,0,7,12,0,1,2
6.9634E+15,10000,1892.92,1847.98,1946.98,1865.27,531.8,8084.95,Premium,0,1,0,1,0,0,13,14,5,10,9
6.35022E+15,180000,40709.6,53858.22,18568.5,27083.83,17159.88,157380.03,"Travel, Lifestyle, Fuel",0,0,1,1,1,1,9,5,13,14,6
6.77135E+15,150000,28847.15,22714.29,5547.6,23460.52,9489.21,90058.77,All_Purpose,0,0,0,1,1,0,9,5,6,11,3
6.95859E+15,170000,37692.38,10852.79,20651.7,16238.57,16439.28,101874.72,"Travel, Fuel",0,0,0,1,1,1,9,5,13,14,6
6.77559E+15,110000,24594.29,23306.79,21419.26,26077.78,10585.62,105983.74,"Travel, Premium, Fuel",0,0,1,1,1,1,9,5,13,14,6
6.31E+15,210000,24687.53,38229.33,10829.36,44173.2,15566.18,133485.6,All_Purpose,1,0,1,0,1,0,7,12,0,1,2
6.65387E+15,260000,26391.83,25664.63,29516.81,75168.8,17986.92,174728.99,All_Purpose,1,0,1,0,1,0,7,12,0,1,2
6.3531E+15,250000,47642.23,31182.88,24959.7,31973.49,24575.27,160333.57,Fuel,1,0,1,1,1,1,0,1,2,8,7
6.85419E+15,220000,34270.61,12421.14,14894.55,55374.8,13212.93,130174.03,All_Purpose,1,0,0,1,1,0,0,1,2,8,7
6.71437E+15,270000,46215.35,14172.92,11990.77,69572.98,23914.89,165866.91,Fuel,1,0,0,1,1,1,0,1,2,8,7
6.18227E+15,270000,61607.88,59614.35,10502.08,68101.21,24914.4,224739.92,"Travel, Fuel",1,0,1,1,1,1,0,1,2,8,7
6.97669E+15,170000,29966.22,18398.33,29530.04,40795.89,16836.47,135526.95,"Premium, Fuel",0,0,0,1,1,1,9,5,13,14,6
6.47314E+15,130000,17400.46,13383.44,21415.13,15745.55,6933.29,74877.87,Premium,0,0,0,0,1,0,6,11,3,4,7
6.36722E+15,10000,1037.23,2588.11,921.12,2651.55,777.31,7975.32,Lifestyle,0,1,0,0,0,0,10,3,4,6,11
6.50864E+15,20000,4778.58,1045.49,856.4,2701.58,1669.32,11051.37,"Travel, Fuel",0,0,0,1,0,1,9,13,14,6,11
6.81623E+15,90000,15209.22,18156.9,5584.05,23138.34,8852.98,70941.49,Fuel,0,0,1,1,1,1,9,5,13,14,6
6.91519E+15,30000,5226.72,2145.87,3751.6,5718.37,1716.65,18559.21,All_Purpose,0,0,0,1,0,0,9,6,11,0,1
6.02947E+15,10000,1501.16,1804.58,1295.61,818.69,880.5,6300.54,Fuel,0,0,0,1,0,1,9,13,14,6,11
6.70625E+15,210000,32538.02,13279.14,33251.09,60929.09,13021.59,153018.93,"Premium, All_Purpose",1,0,0,1,1,0,0,1,2,8,7
6.90368E+15,160000,20411.51,31077.44,9011.69,25338.03,13576.1,99414.77,Fuel,0,0,1,0,1,1,6,11,3,4,7
6.30408E+15,230000,37498.61,43821.38,7129.31,22372.6,21634.47,132456.37,Fuel,1,0,1,1,1,1,0,1,2,8,7
6.20383E+15,60000,14280.34,7060.25,5579.01,12309.76,5645.13,44874.49,"Travel, Fuel",0,0,0,1,0,1,9,13,14,6,11
6.27832E+15,280000,59061.66,20063.38,40251.74,47674.71,20589.81,187641.3,Travel,1,0,1,1,1,0,0,1,2,8,7
6.54233E+15,170000,21872.08,42096.83,18219.41,24882.17,11764.16,118834.65,All_Purpose,0,0,1,0,1,0,6,11,3,4,7
6.84614E+15,50000,10617.49,5903.94,2498.77,6771.98,4801.89,30594.07,"Travel, Fuel",0,0,0,1,0,1,9,13,14,6,11
6.89807E+15,50000,9001.1,9954.92,4611.24,12878.18,3808.22,40253.66,All_Purpose,0,0,0,1,1,0,9,5,6,11,3
6.17913E+15,60000,7161.59,11052.89,11353.02,8870.25,5608.62,44046.37,"Premium, Fuel",0,0,0,0,0,1,6,11,9,10,12
6.94486E+15,30000,3163.53,2263.85,4615.32,3717.82,2056.91,15817.43,Premium,0,1,0,0,0,0,10,3,4,6,11
6.02335E+15,210000,43852.25,16444.64,20807.28,39210.37,16178.68,136493.22,Travel,1,0,0,1,1,0,0,1,2,8,7
6.56135E+15,230000,28922.9,57950.31,33991.55,46527.06,19544.57,186936.39,"Lifestyle, Fuel",1,0,1,0,1,1,7,12,0,1,2
6.1149E+15,50000,6037.98,10822.07,5959.71,11033.12,3345,37197.88,All_Purpose,0,0,0,0,1,0,6,11,3,4,7
6.53834E+15,210000,39502.15,14983.63,22358,51743.65,18838.41,147425.84,Fuel,1,0,0,1,1,1,0,1,2,8,7
6.80834E+15,50000,11710.61,5845.86,4990.09,13884.57,4740.64,41171.77,"Travel, Fuel",0,0,0,1,0,1,9,13,14,6,11
6.94053E+15,100000,22884.71,7219.33,17704.91,15053.64,5891.66,68754.25,"Travel, Premium",0,0,0,1,1,0,9,5,6,11,3
6.33549E+15,100000,16269.53,11279.8,8449.65,10969.53,6480.88,53449.39,All_Purpose,0,0,0,1,1,0,9,5,6,11,3
6.5624E+15,190000,31592.83,25969.14,29810.4,52548.72,16689.5,156610.59,"Premium, Fuel",0,0,0,1,1,1,9,5,13,14,6
